Date;Price
12/9/2023;547,33
11/9/2023;546
8/9/2023;545
7/9/2023;550
6/9/2023;552,5
5/9/2023;553,33
4/9/2023;553,33
1/9/2023;551,58
31/8/2023;545
30/8/2023;543,67
29/8/2023;545,33
28/8/2023;549
25/8/2023;554
24/8/2023;554
23/8/2023;555
22/8/2023;545
21/8/2023;545
18/8/2023;545
17/8/2023;548,33
16/8/2023;555
15/8/2023;555
14/8/2023;555
11/8/2023;560
10/8/2023;561,67
9/8/2023;565
8/8/2023;568,33
7/8/2023;568,33
4/8/2023;568,33
3/8/2023;564
2/8/2023;570
1/8/2023;575
31/7/2023;575
28/7/2023;575
27/7/2023;575
26/7/2023;575
25/7/2023;575
24/7/2023;561,67
21/7/2023;552,33
20/7/2023;551,25
19/7/2023;553,33
18/7/2023;553,33
17/7/2023;551,67
14/7/2023;558,33
13/7/2023;548,75
12/7/2023;542,49
11/7/2023;541,67
10/7/2023;538,67
7/7/2023;542,67
6/7/2023;542,67
5/7/2023;542,68
4/7/2023;543,33
3/7/2023;541,67
30/6/2023;541,67
29/6/2023;541,67
28/6/2023;541,67
27/6/2023;543,33
26/6/2023;530
23/6/2023;544
22/6/2023;544
21/6/2023;544
20/6/2023;548,33
19/6/2023;556,67
16/6/2023;556,67
15/6/2023;549,77
14/6/2023;545
13/6/2023;543,25
12/6/2023;540
9/6/2023;545
8/6/2023;540
7/6/2023;539
6/6/2023;539,47
5/6/2023;539,47
2/6/2023;524,43
1/6/2023;521,67
31/5/2023;518,33
30/5/2023;523,33
29/5/2023;530
26/5/2023;530
25/5/2023;529,33
24/5/2023;531,67
23/5/2023;538,33
22/5/2023;545,67
19/5/2023;548,33
18/5/2023;552
17/5/2023;555
16/5/2023;553,33
15/5/2023;556,67
12/5/2023;550
11/5/2023;550
10/5/2023;560
9/5/2023;570
8/5/2023;570
5/5/2023;550
4/5/2023;561,67
3/5/2023;580
2/5/2023;580
1/5/2023;580
28/4/2023;580
27/4/2023;580
26/4/2023;580
25/4/2023;585
24/4/2023;585
21/4/2023;595
20/4/2023;608,33
19/4/2023;610,33
18/4/2023;613,33
17/4/2023;610
14/4/2023;611,67
13/4/2023;610
12/4/2023;610
11/4/2023;610
10/4/2023;610
7/4/2023;617,67
6/4/2023;611,67
5/4/2023;619,25
4/4/2023;619,25
3/4/2023;625
31/3/2023;637,77
30/3/2023;633,33
29/3/2023;632,67
28/3/2023;629
27/3/2023;628,33
24/3/2023;636,67
23/3/2023;639
22/3/2023;640
21/3/2023;640
20/3/2023;640
17/3/2023;651,67
16/3/2023;650
15/3/2023;660
14/3/2023;659,67
13/3/2023;651,67
10/3/2023;645
9/3/2023;640
8/3/2023;640
7/3/2023;643,16
6/3/2023;638,95
3/3/2023;643,16
2/3/2023;638,95
1/3/2023;634,74
28/2/2023;630
27/2/2023;630
24/2/2023;633,95
23/2/2023;633,95
22/2/2023;633,95
21/2/2023;638,33
20/2/2023;633,33
17/2/2023;633,33
16/2/2023;630,67
15/2/2023;622,33
14/2/2023;622,33
13/2/2023;618,67
10/2/2023;623,33
9/2/2023;625
8/2/2023;620
7/2/2023;620
6/2/2023;620
3/2/2023;635
2/2/2023;643
1/2/2023;645
31/1/2023;646,67
30/1/2023;648,33
27/1/2023;645
26/1/2023;645
25/1/2023;645
24/1/2023;645
23/1/2023;645
20/1/2023;645
19/1/2023;645
18/1/2023;645
17/1/2023;643,16
16/1/2023;636,18
13/1/2023;636,18
12/1/2023;631,18
11/1/2023;628,68
10/1/2023;626,58
9/1/2023;620
6/1/2023;605,67
5/1/2023;602,67
4/1/2023;605,79
3/1/2023;595
2/1/2023;595
30/12/2022;595
29/12/2022;595
28/12/2022;595
27/12/2022;595
26/12/2022;590
23/12/2022;589,71
22/12/2022;590
21/12/2022;590
20/12/2022;590
19/12/2022;590
16/12/2022;600
15/12/2022;600
14/12/2022;590
13/12/2022;590
12/12/2022;583,33
9/12/2022;580
8/12/2022;570
7/12/2022;570
6/12/2022;574,12
5/12/2022;581,67
2/12/2022;553,33
1/12/2022;554,25
30/11/2022;550
29/11/2022;550
28/11/2022;537,96
25/11/2022;540
24/11/2022;539,47
23/11/2022;535
22/11/2022;540
21/11/2022;541,58
18/11/2022;544,38
17/11/2022;543,13
16/11/2022;557,37
15/11/2022;551,67
14/11/2022;546,67
11/11/2022;535
10/11/2022;511,58
9/11/2022;518,33
8/11/2022;518,33
7/11/2022;518,33
4/11/2022;521,67
3/11/2022;520
2/11/2022;520
1/11/2022;519
31/10/2022;516,67
28/10/2022;528,53
27/10/2022;533,33
26/10/2022;533,33
25/10/2022;529,47
24/10/2022;535
21/10/2022;535
20/10/2022;540
19/10/2022;546,67
18/10/2022;548,16
17/10/2022;553,16
14/10/2022;559,47
13/10/2022;561,18
12/10/2022;564,12
11/10/2022;564,87
10/10/2022;578,68
7/10/2022;568,75
6/10/2022;568,75
5/10/2022;568,75
4/10/2022;568,75
3/10/2022;568,75
30/9/2022;568,75
29/9/2022;563
28/9/2022;563,67
27/9/2022;562,32
26/9/2022;559,47
23/9/2022;565
22/9/2022;565
21/9/2022;551,58
20/9/2022;558,95
19/9/2022;565,92
16/9/2022;565,92
15/9/2022;570
14/9/2022;571,32
13/9/2022;575,26
12/9/2022;570
9/9/2022;570
8/9/2022;568,24
7/9/2022;552,63
6/9/2022;557,63
5/9/2022;557,37
2/9/2022;556,32
1/9/2022;564,21
31/8/2022;564,21
30/8/2022;564,21
29/8/2022;575
26/8/2022;590
25/8/2022;590
24/8/2022;596,58
23/8/2022;592,37
22/8/2022;580
19/8/2022;581,89
18/8/2022;592,37
17/8/2022;598,68
16/8/2022;604,74
15/8/2022;605,53
12/8/2022;610
11/8/2022;605
10/8/2022;605
9/8/2022;605
8/8/2022;608,16
5/8/2022;606,78
4/8/2022;606,67
3/8/2022;610
2/8/2022;611,32
1/8/2022;613,16
29/7/2022;594,12
28/7/2022;595
27/7/2022;590
26/7/2022;590
25/7/2022;585
22/7/2022;583,33
21/7/2022;570
20/7/2022;586,32
19/7/2022;577,11
18/7/2022;575
15/7/2022;553,33
14/7/2022;602,5
13/7/2022;626,67
12/7/2022;630
11/7/2022;635
8/7/2022;650,79
7/7/2022;650
6/7/2022;650
5/7/2022;661,05
4/7/2022;658,95
1/7/2022;670,5
30/6/2022;681,05
29/6/2022;681,64
28/6/2022;681,05
27/6/2022;677,83
24/6/2022;662,5
23/6/2022;673,33
22/6/2022;674,74
21/6/2022;684,74
20/6/2022;675
17/6/2022;713,33
16/6/2022;723,33
15/6/2022;725
14/6/2022;735,33
13/6/2022;741,84
10/6/2022;748,95
9/6/2022;748,75
8/6/2022;749,14
7/6/2022;748,03
6/6/2022;750,26
3/6/2022;751,18
2/6/2022;751,18
1/6/2022;750,14
31/5/2022;750
30/5/2022;740
27/5/2022;740
26/5/2022;736,67
25/5/2022;738,95
24/5/2022;746,51
23/5/2022;752,37
20/5/2022;753,75
19/5/2022;750
18/5/2022;756,67
17/5/2022;765,11
16/5/2022;765
13/5/2022;767,5
12/5/2022;774
11/5/2022;778,33
10/5/2022;775
9/5/2022;789,14
6/5/2022;797,5
5/5/2022;811,18
4/5/2022;810
3/5/2022;810
2/5/2022;810
29/4/2022;810
28/4/2022;810
27/4/2022;807,5
26/4/2022;810
25/4/2022;815
22/4/2022;848,33
21/4/2022;850
20/4/2022;853,79
19/4/2022;852,67
18/4/2022;852,63
15/4/2022;857,5
14/4/2022;856,95
13/4/2022;863,42
12/4/2022;872,11
11/4/2022;871,05
8/4/2022;872,08
7/4/2022;877,96
6/4/2022;878,33
5/4/2022;887,5
4/4/2022;887,5
1/4/2022;887,5
31/3/2022;878,53
30/3/2022;878,53
29/3/2022;878,29
28/3/2022;871,67
25/3/2022;862,63
24/3/2022;850,75
23/3/2022;851,58
22/3/2022;849,25
21/3/2022;849,21
18/3/2022;841,56
17/3/2022;847,5
16/3/2022;847,5
15/3/2022;845
14/3/2022;845
11/3/2022;863,88
10/3/2022;863,42
9/3/2022;864,95
8/3/2022;896,95
7/3/2022;896,95
4/3/2022;857,37
3/3/2022;848,75
2/3/2022;837,33
1/3/2022;830,3
28/2/2022;816,84
25/2/2022;800,88
24/2/2022;812,37
23/2/2022;816,67
22/2/2022;816,67
21/2/2022;819,71
18/2/2022;817,5
17/2/2022;817,5
16/2/2022;817,65
15/2/2022;812,96
14/2/2022;820,64
11/2/2022;816,4
10/2/2022;812,37
9/2/2022;803,79
8/2/2022;809,16
7/2/2022;795,07
4/2/2022;770,61
3/2/2022;770,61
2/2/2022;770,61
1/2/2022;770,61
31/1/2022;770,61
28/1/2022;770,61
27/1/2022;770,61
26/1/2022;768,42
25/1/2022;768,42
24/1/2022;766,51
21/1/2022;760,46
20/1/2022;759,87
19/1/2022;759,87
18/1/2022;757,96
17/1/2022;756,58
14/1/2022;758,68
13/1/2022;755,75
12/1/2022;755,75
11/1/2022;755,26
10/1/2022;755,26
7/1/2022;755,29
6/1/2022;759,87
5/1/2022;761,51
4/1/2022;758,68
3/1/2022;761,67
31/12/2021;761,67
30/12/2021;763,53
29/12/2021;762,5
28/12/2021;759,47
27/12/2021;760,79
24/12/2021;767,5
23/12/2021;767,5
22/12/2021;768,75
21/12/2021;768,75
20/12/2021;770
17/12/2021;769,71
16/12/2021;773,65
15/12/2021;773,09
14/12/2021;779,84
13/12/2021;779,01
10/12/2021;776,53
9/12/2021;777,68
8/12/2021;779,75
7/12/2021;781,64
6/12/2021;784,74
3/12/2021;784,74
2/12/2021;784,74
1/12/2021;781,58
30/11/2021;777,83
29/11/2021;775,92
26/11/2021;783,86
25/11/2021;785,68
24/11/2021;778,39
23/11/2021;774,87
22/11/2021;776,63
19/11/2021;771,26
18/11/2021;774,74
17/11/2021;776,63
16/11/2021;777,5
15/11/2021;774,74
12/11/2021;777,5
11/11/2021;789,19
10/11/2021;769,14
9/11/2021;798,16
8/11/2021;803,16
5/11/2021;803,84
4/11/2021;818,42
3/11/2021;829,74
2/11/2021;829,74
1/11/2021;866,18
29/10/2021;872,37
28/10/2021;871,78
27/10/2021;878,42
26/10/2021;890
25/10/2021;896,64
22/10/2021;896,64
21/10/2021;915
20/10/2021;915
19/10/2021;917,37
18/10/2021;915,92
15/10/2021;925,92
14/10/2021;922,65
13/10/2021;921,78
12/10/2021;921,78
11/10/2021;925,59
8/10/2021;921,78
7/10/2021;910,47
6/10/2021;910,47
5/10/2021;910,47
4/10/2021;910,47
1/10/2021;910,47
30/9/2021;910,47
29/9/2021;910
28/9/2021;910
27/9/2021;909,19
24/9/2021;907,68
23/9/2021;923,82
22/9/2021;925
21/9/2021;926,25
20/9/2021;926,25
17/9/2021;926,25
16/9/2021;936,75
15/9/2021;931,05
14/9/2021;935,88
13/9/2021;937,74
10/9/2021;938,55
9/9/2021;932,37
8/9/2021;922,06
7/9/2021;926,13
6/9/2021;922,65
3/9/2021;919,12
2/9/2021;910,95
1/9/2021;907,37
31/8/2021;910
30/8/2021;911,25
27/8/2021;904
26/8/2021;903,75
25/8/2021;907,5
24/8/2021;910
23/8/2021;908,75
20/8/2021;907,5
19/8/2021;908,75
18/8/2021;916,67
17/8/2021;921,67
16/8/2021;921,67
13/8/2021;921,25
12/8/2021;921,67
11/8/2021;926,67
10/8/2021;917,5
9/8/2021;916,67
6/8/2021;928,75
5/8/2021;930
4/8/2021;930
3/8/2021;923,95
2/8/2021;931,67
30/7/2021;935
29/7/2021;935
28/7/2021;925,79
27/7/2021;919,14
26/7/2021;919,14
23/7/2021;918,68
22/7/2021;917,84
21/7/2021;918,68
20/7/2021;920,44
19/7/2021;913,16
16/7/2021;913,16
15/7/2021;913,79
14/7/2021;906,67
13/7/2021;905
12/7/2021;895,92
9/7/2021;892,89
8/7/2021;878,53
7/7/2021;873,68
6/7/2021;858,07
5/7/2021;846,63
2/7/2021;844,74
1/7/2021;845,9
30/6/2021;840,92
29/6/2021;862,24
28/6/2021;877,33
25/6/2021;877,4
24/6/2021;877,89
23/6/2021;888,95
22/6/2021;895,33
21/6/2021;897,7
18/6/2021;897,84
17/6/2021;905,88
16/6/2021;906,32
15/6/2021;913,16
14/6/2021;906,67
11/6/2021;906,67
10/6/2021;905,31
9/6/2021;903,56
8/6/2021;902,89
7/6/2021;903,16
4/6/2021;904,74
3/6/2021;904,95
2/6/2021;910,61
1/6/2021;913,16
31/5/2021;913,65
28/5/2021;907,4
27/5/2021;880,59
26/5/2021;882,5
25/5/2021;892,94
24/5/2021;945
21/5/2021;952,08
20/5/2021;963,16
19/5/2021;965,83
18/5/2021;975,26
17/5/2021;973,63
14/5/2021;1001,05
13/5/2021;1037,23
12/5/2021;1062,37
11/5/2021;1041,78
10/5/2021;1042,42
7/5/2021;971,15
6/5/2021;926,67
5/5/2021;918,86
4/5/2021;918,86
3/5/2021;918,86
30/4/2021;918,86
29/4/2021;914,38
28/4/2021;910,97
27/4/2021;912,01
26/4/2021;908,05
23/4/2021;880,59
22/4/2021;880,2
21/4/2021;875,78
20/4/2021;881,61
19/4/2021;874,14
16/4/2021;874,25
15/4/2021;871,89
14/4/2021;873,16
13/4/2021;873,5
12/4/2021;875,26
9/4/2021;872,63
8/4/2021;871,91
7/4/2021;782,37
6/4/2021;780,42
5/4/2021;779,47
2/4/2021;779,47
1/4/2021;751,33
31/3/2021;751,67
30/3/2021;750,79
29/3/2021;761,67
26/3/2021;740,42
25/3/2021;735,63
24/3/2021;733,95
23/3/2021;731,74
22/3/2021;731,74
19/3/2021;727,13
18/3/2021;727,01
17/3/2021;727,01
16/3/2021;729,87
15/3/2021;721,25
12/3/2021;719,42
11/3/2021;709,72
10/3/2021;704,33
9/3/2021;708,03
8/3/2021;714,81
5/3/2021;711,78
4/3/2021;714,71
3/3/2021;719,53
2/3/2021;698,68
1/3/2021;700,3
26/2/2021;698,53
25/2/2021;698,83
24/2/2021;685,95
23/2/2021;687,42
22/2/2021;690,24
19/2/2021;664,75
18/2/2021;665,83
17/2/2021;649,21
16/2/2021;649,21
15/2/2021;649,21
12/2/2021;649,21
11/2/2021;649,21
10/2/2021;649,21
9/2/2021;649,21
8/2/2021;649,21
5/2/2021;649,21
4/2/2021;644,11
3/2/2021;644,59
2/2/2021;644,01
1/2/2021;644,11
29/1/2021;648,25
28/1/2021;643,64
27/1/2021;641,76
26/1/2021;640
25/1/2021;640,39
22/1/2021;640,59
21/1/2021;640,59
20/1/2021;639,53
19/1/2021;641,77
18/1/2021;646,78
15/1/2021;647,79
14/1/2021;647,74
13/1/2021;648,09
12/1/2021;650,07
11/1/2021;651,05
8/1/2021;657,11
7/1/2021;656,82
6/1/2021;673,33
5/1/2021;675,37
4/1/2021;660,9
1/1/2021;658,7
31/12/2020;658,7
30/12/2020;653,25
29/12/2020;653,75
28/12/2020;655
25/12/2020;681,09
24/12/2020;687,24
23/12/2020;687,7
22/12/2020;702,96
21/12/2020;701,89
18/12/2020;657,5
17/12/2020;646,58
16/12/2020;641,84
15/12/2020;642,79
14/12/2020;646,78
11/12/2020;647
10/12/2020;639,47
9/12/2020;620,89
8/12/2020;620,89
7/12/2020;616,92
4/12/2020;599,04
3/12/2020;596,18
2/12/2020;598,95
1/12/2020;588,68
30/11/2020;591,91
27/11/2020;576,79
26/11/2020;573,77
25/11/2020;570,49
24/11/2020;568,31
23/11/2020;569,87
20/11/2020;563,47
19/11/2020;559,71
18/11/2020;556
17/11/2020;555,33
16/11/2020;548,51
13/11/2020;546,5
12/11/2020;546,06
11/11/2020;545,97
10/11/2020;540,17
9/11/2020;540,26
6/11/2020;528,09
5/11/2020;524,8
4/11/2020;522,25
3/11/2020;522,17
2/11/2020;518,6
30/10/2020;517,61
29/10/2020;517,13
28/10/2020;517,94
27/10/2020;515,54
26/10/2020;515,37
23/10/2020;515,51
22/10/2020;512,83
21/10/2020;509,95
20/10/2020;507,78
19/10/2020;508,31
16/10/2020;509,74
15/10/2020;511,05
14/10/2020;511,32
13/10/2020;511,42
12/10/2020;511,48
9/10/2020;509,77
8/10/2020;503,39
7/10/2020;503,39
6/10/2020;503,39
5/10/2020;503,39
2/10/2020;503,39
1/10/2020;503,39
30/9/2020;503,39
29/9/2020;504,93
28/9/2020;503,99
25/9/2020;504,59
24/9/2020;506,47
23/9/2020;506,32
22/9/2020;509,34
21/9/2020;510,79
18/9/2020;511,75
17/9/2020;515,43
16/9/2020;516,57
15/9/2020;519,26
14/9/2020;519,13
11/9/2020;520,07
10/9/2020;519,25
9/9/2020;519,38
8/9/2020;522,21
7/9/2020;522,21
4/9/2020;519,28
3/9/2020;519,93
2/9/2020;516,66
1/9/2020;517,89
31/8/2020;513,5
28/8/2020;508,83
27/8/2020;506,89
26/8/2020;507,53
25/8/2020;509,61
24/8/2020;510,04
21/8/2020;509,91
20/8/2020;508,62
19/8/2020;507,17
18/8/2020;507,08
17/8/2020;505,97
14/8/2020;503,85
13/8/2020;508,32
12/8/2020;508,38
11/8/2020;508,09
10/8/2020;505,79
7/8/2020;504,24
6/8/2020;500,72
5/8/2020;495,47
4/8/2020;495,26
3/8/2020;490,05
31/7/2020;485,89
30/7/2020;485,83
29/7/2020;484,41
28/7/2020;479,88
27/7/2020;476,47
24/7/2020;476,33
23/7/2020;478,36
22/7/2020;475,32
21/7/2020;475,39
20/7/2020;474,42
17/7/2020;470,8
16/7/2020;467,89
15/7/2020;464,86
14/7/2020;465,3
13/7/2020;456,58
10/7/2020;453,42
9/7/2020;456,67
8/7/2020;453,17
7/7/2020;448,91
6/7/2020;450,39
3/7/2020;447,89
2/7/2020;441,48
1/7/2020;443,75
30/6/2020;445,37
29/6/2020;444,95
26/6/2020;444,56
25/6/2020;444,56
24/6/2020;444,56
23/6/2020;444,34
22/6/2020;442,5
19/6/2020;442,47
18/6/2020;442
17/6/2020;442
16/6/2020;442,16
15/6/2020;440,6
12/6/2020;440,6
11/6/2020;443,38
10/6/2020;440,26
9/6/2020;440,53
8/6/2020;439,87
5/6/2020;435,59
4/6/2020;438,71
3/6/2020;439,34
2/6/2020;439,34
1/6/2020;435,21
29/5/2020;427,54
28/5/2020;427,16
27/5/2020;426,68
26/5/2020;427
25/5/2020;426,72
22/5/2020;426,75
21/5/2020;425,87
20/5/2020;430,59
19/5/2020;429,51
18/5/2020;430,59
15/5/2020;416,55
14/5/2020;416,32
13/5/2020;409,12
12/5/2020;410,16
11/5/2020;406,48
8/5/2020;406,5
7/5/2020;403,91
6/5/2020;405,3
5/5/2020;405,88
4/5/2020;405,88
1/5/2020;405,88
30/4/2020;405,88
29/4/2020;402,84
28/4/2020;403,54
27/4/2020;403,83
24/4/2020;403,55
23/4/2020;406,18
22/4/2020;406,62
21/4/2020;406,68
20/4/2020;405,83
17/4/2020;401,38
16/4/2020;409,25
15/4/2020;409,42
14/4/2020;408,74
13/4/2020;409,98
10/4/2020;410,78
9/4/2020;405,79
8/4/2020;405,37
7/4/2020;405,37
6/4/2020;405,37
3/4/2020;405,37
2/4/2020;407,45
1/4/2020;412,37
31/3/2020;421,58
30/3/2020;421,58
27/3/2020;421,18
26/3/2020;423,47
25/3/2020;425,37
24/3/2020;430,79
23/3/2020;435,36
20/3/2020;441,92
19/3/2020;444,74
18/3/2020;450,79
17/3/2020;451,62
16/3/2020;452,06
13/3/2020;452,89
12/3/2020;455,89
11/3/2020;456,33
10/3/2020;460
9/3/2020;459,49
6/3/2020;459,61
5/3/2020;461
4/3/2020;459,08
3/3/2020;462,54
2/3/2020;461,17
28/2/2020;463,68
27/2/2020;465
26/2/2020;467,26
25/2/2020;465
24/2/2020;464,3
21/2/2020;465,36
20/2/2020;455
19/2/2020;449,32
18/2/2020;456,67
17/2/2020;459,47
14/2/2020;459,47
13/2/2020;463,68
12/2/2020;461,58
11/2/2020;470
10/2/2020;470,07
7/2/2020;474,13
6/2/2020;475,63
5/2/2020;477,35
4/2/2020;484,32
3/2/2020;482,67
31/1/2020;495,95
30/1/2020;495,95
29/1/2020;495,95
28/1/2020;495,95
27/1/2020;495,95
24/1/2020;495,95
23/1/2020;495,95
22/1/2020;495,95
21/1/2020;495,95
20/1/2020;495,95
17/1/2020;495,55
16/1/2020;495,79
15/1/2020;492,84
14/1/2020;491
13/1/2020;490,13
10/1/2020;489,47
9/1/2020;489,79
8/1/2020;486,3
7/1/2020;485,53
6/1/2020;484,2
3/1/2020;484,14
2/1/2020;484,75
1/1/2020;484,47
31/12/2019;484,47
30/12/2019;481
27/12/2019;480,97
26/12/2019;483,93
25/12/2019;481,18
24/12/2019;482,92
23/12/2019;477,86
20/12/2019;480,39
19/12/2019;477,68
18/12/2019;474,92
17/12/2019;473,21
16/12/2019;472,96
13/12/2019;472,84
12/12/2019;466,32
11/12/2019;464,86
10/12/2019;467,42
9/12/2019;461,78
6/12/2019;460,64
5/12/2019;459,74
4/12/2019;459,26
3/12/2019;458,03
2/12/2019;457,04
29/11/2019;457,37
28/11/2019;455,39
27/11/2019;457,63
26/11/2019;463,32
25/11/2019;459,53
22/11/2019;454,95
21/11/2019;453,03
20/11/2019;451,32
19/11/2019;451,26
18/11/2019;448,68
15/11/2019;446,07
14/11/2019;439,21
13/11/2019;438,52
12/11/2019;438,45
11/11/2019;434,13
8/11/2019;435,6
7/11/2019;435,47
6/11/2019;434,38
5/11/2019;432
4/11/2019;429,5
1/11/2019;430,67
31/10/2019;431,75
30/10/2019;435,83
29/10/2019;433,29
28/10/2019;429,92
25/10/2019;427,5
24/10/2019;428,67
23/10/2019;428,38
22/10/2019;429,79
21/10/2019;430
18/10/2019;432,69
17/10/2019;439,33
16/10/2019;441
15/10/2019;442,27
14/10/2019;447,67
11/10/2019;449,5
10/10/2019;450,1
9/10/2019;449,58
8/10/2019;452,92
7/10/2019;452,2
4/10/2019;452,2
3/10/2019;452,2
2/10/2019;452,2
1/10/2019;452,2
30/9/2019;452,2
27/9/2019;452,88
26/9/2019;452,13
25/9/2019;455
24/9/2019;455,38
23/9/2019;455
20/9/2019;453,13
19/9/2019;460
18/9/2019;460
17/9/2019;460,13
16/9/2019;460,25
13/9/2019;460,96
12/9/2019;460,96
11/9/2019;460,38
10/9/2019;461,92
9/9/2019;463,25
6/9/2019;462,9
5/9/2019;465,77
4/9/2019;462,5
3/9/2019;464,5
2/9/2019;465,5
30/8/2019;462
29/8/2019;463,94
28/8/2019;463,75
27/8/2019;466,13
26/8/2019;469,06
23/8/2019;472,06
22/8/2019;473,25
21/8/2019;478,31
20/8/2019;481,65
19/8/2019;482
16/8/2019;482,17
15/8/2019;480,5
14/8/2019;481,88
13/8/2019;481,75
12/8/2019;485,31
9/8/2019;489,88
8/8/2019;493,08
7/8/2019;493,13
6/8/2019;493,39
5/8/2019;496,67
2/8/2019;500,5
1/8/2019;503,85
31/7/2019;503,25
30/7/2019;505,1
29/7/2019;505,38
26/7/2019;507,33
25/7/2019;506,75
24/7/2019;506,5
23/7/2019;506,5
22/7/2019;507,5
19/7/2019;507,75
18/7/2019;508,69
17/7/2019;507,4
16/7/2019;505,19
15/7/2019;507,5
12/7/2019;506,98
11/7/2019;507,5
10/7/2019;507,92
9/7/2019;509,75
8/7/2019;507,63
5/7/2019;508,5
4/7/2019;508,75
3/7/2019;509,17
2/7/2019;507,05
1/7/2019;509,25
28/6/2019;503,15
27/6/2019;496,83
26/6/2019;499,35
25/6/2019;496,46
24/6/2019;492,92
21/6/2019;485,58
20/6/2019;485
19/6/2019;484,75
18/6/2019;484,75
17/6/2019;484,33
14/6/2019;489,42
13/6/2019;488,42
12/6/2019;493
11/6/2019;493,38
10/6/2019;493,75
7/6/2019;493,27
6/6/2019;493,27
5/6/2019;493,63
4/6/2019;497,7
3/6/2019;500,94
31/5/2019;500,94
30/5/2019;502,17
29/5/2019;503,83
28/5/2019;503,77
27/5/2019;504,31
24/5/2019;505,5
23/5/2019;508,75
22/5/2019;512,5
21/5/2019;513,75
20/5/2019;513,25
17/5/2019;520,63
16/5/2019;520
15/5/2019;520,2
14/5/2019;520,2
13/5/2019;520,75
10/5/2019;523,77
9/5/2019;523,75
8/5/2019;524,3
7/5/2019;527,5
6/5/2019;525,92
3/5/2019;529,17
2/5/2019;529,17
1/5/2019;529,17
30/4/2019;529,17
29/4/2019;526,03
26/4/2019;527,75
25/4/2019;527,69
24/4/2019;531,4
23/4/2019;531,83
22/4/2019;531,73
19/4/2019;532,5
18/4/2019;532,46
17/4/2019;532,31
16/4/2019;535,1
15/4/2019;534,06
12/4/2019;532,58
11/4/2019;531,65
10/4/2019;531,88
9/4/2019;535,13
8/4/2019;533,75
5/4/2019;526,67
4/4/2019;526,67
3/4/2019;522
2/4/2019;519,5
1/4/2019;527,81
29/3/2019;530
28/3/2019;530,25
27/3/2019;531,19
26/3/2019;530,25
25/3/2019;531,82
22/3/2019;530,5
21/3/2019;534,38
20/3/2019;537,08
19/3/2019;538,25
18/3/2019;536,67
15/3/2019;537,5
14/3/2019;538
13/3/2019;534,79
12/3/2019;535,17
11/3/2019;528
8/3/2019;535
7/3/2019;533,75
6/3/2019;534,5
5/3/2019;534,58
4/3/2019;527,5
1/3/2019;527,67
28/2/2019;526,88
27/2/2019;526,69
26/2/2019;520,42
25/2/2019;522,92
22/2/2019;516,82
21/2/2019;517,08
20/2/2019;515,5
19/2/2019;514,5
18/2/2019;512,5
15/2/2019;520,8
14/2/2019;515,25
13/2/2019;511,25
12/2/2019;510,21
11/2/2019;519,17
8/2/2019;497,4
7/2/2019;497,4
6/2/2019;497,4
5/2/2019;497,4
4/2/2019;497,4
1/2/2019;497,4
31/1/2019;497,4
30/1/2019;497,4
29/1/2019;495,94
28/1/2019;495,83
25/1/2019;495,08
24/1/2019;488,75
23/1/2019;485,83
22/1/2019;488,67
21/1/2019;487
18/1/2019;480
17/1/2019;480
16/1/2019;480,42
15/1/2019;480,63
14/1/2019;480,33
11/1/2019;479,55
10/1/2019;479
9/1/2019;480
8/1/2019;480
7/1/2019;479,5
4/1/2019;479,3
3/1/2019;480
2/1/2019;480,94
1/1/2019;482,71
31/12/2018;482,71
28/12/2018;482,71
27/12/2018;483,13
26/12/2018;485
25/12/2018;485
24/12/2018;482,5
21/12/2018;482,17
20/12/2018;482,5
19/12/2018;485
18/12/2018;481,25
17/12/2018;475,63
14/12/2018;475,83
13/12/2018;477,88
12/12/2018;475,5
11/12/2018;475
10/12/2018;478,33
7/12/2018;475,5
6/12/2018;468,81
5/12/2018;477,81
4/12/2018;478,13
3/12/2018;477
30/11/2018;477,5
29/11/2018;482,5
28/11/2018;482,5
27/11/2018;485
26/11/2018;486,67
23/11/2018;490
22/11/2018;495,3
21/11/2018;496,2
20/11/2018;500
19/11/2018;503,75
16/11/2018;504,17
15/11/2018;505
14/11/2018;512
13/11/2018;516,55
12/11/2018;520,33
9/11/2018;523,33
8/11/2018;526
7/11/2018;530
6/11/2018;530
5/11/2018;530,31
2/11/2018;530
1/11/2018;531,17
31/10/2018;532
30/10/2018;533,67
29/10/2018;534,33
26/10/2018;535,5
25/10/2018;535,5
24/10/2018;539,42
23/10/2018;545
22/10/2018;544,38
19/10/2018;549,38
18/10/2018;552,92
17/10/2018;553,13
16/10/2018;555
15/10/2018;555
12/10/2018;554,38
11/10/2018;555,63
10/10/2018;555
9/10/2018;555,63
8/10/2018;561,5
5/10/2018;560
4/10/2018;560
3/10/2018;560
2/10/2018;560
1/10/2018;560
28/9/2018;560
27/9/2018;563,25
26/9/2018;565,31
25/9/2018;565,19
24/9/2018;565,75
21/9/2018;565,75
20/9/2018;566,25
19/9/2018;568,92
18/9/2018;568,91
17/9/2018;570
14/9/2018;569,61
13/9/2018;569,74
12/9/2018;571,77
11/9/2018;572
10/9/2018;572,32
7/9/2018;574,47
6/9/2018;574,68
5/9/2018;575
4/9/2018;575,79
3/9/2018;575,67
31/8/2018;574,21
30/8/2018;575,84
29/8/2018;576,76
28/8/2018;577,5
27/8/2018;577,5
24/8/2018;575,5
23/8/2018;574,79
22/8/2018;573,76
21/8/2018;571,67
20/8/2018;570
17/8/2018;570,67
16/8/2018;570,39
15/8/2018;571,63
14/8/2018;571,26
13/8/2018;570,83
10/8/2018;569,18
9/8/2018;567,21
8/8/2018;572,21
7/8/2018;571,97
6/8/2018;573,92
3/8/2018;574
2/8/2018;575
1/8/2018;575
31/7/2018;574,87
30/7/2018;575,83
27/7/2018;575
26/7/2018;576,25
25/7/2018;575,98
24/7/2018;575,61
23/7/2018;578,42
20/7/2018;579,82
19/7/2018;579,33
18/7/2018;580
17/7/2018;580,32
16/7/2018;578,52
13/7/2018;580
12/7/2018;580,63
11/7/2018;580
10/7/2018;577,22
9/7/2018;579,17
6/7/2018;585
5/7/2018;586,25
4/7/2018;588,5
3/7/2018;589,69
2/7/2018;591,25
29/6/2018;591,46
28/6/2018;594,58
27/6/2018;594,13
26/6/2018;596,08
25/6/2018;596,25
22/6/2018;595
21/6/2018;596
20/6/2018;597,92
19/6/2018;596,18
18/6/2018;593,56
15/6/2018;593,56
14/6/2018;593,51
13/6/2018;594,67
12/6/2018;595,25
11/6/2018;594,25
8/6/2018;593,75
7/6/2018;593,33
6/6/2018;592,5
5/6/2018;590,5
4/6/2018;591,46
1/6/2018;588,69
31/5/2018;589,61
30/5/2018;591,46
29/5/2018;590,63
28/5/2018;589,58
25/5/2018;586,2
24/5/2018;586,22
23/5/2018;586,43
22/5/2018;590,63
21/5/2018;591,25
18/5/2018;590,21
17/5/2018;591,19
16/5/2018;588,75
15/5/2018;588,88
14/5/2018;585,42
11/5/2018;585,47
10/5/2018;583,3
9/5/2018;586,9
8/5/2018;588,5
7/5/2018;589,79
4/5/2018;586,83
3/5/2018;586,37
2/5/2018;587,5
1/5/2018;585,83
30/4/2018;585,83
27/4/2018;585,83
26/4/2018;587,68
25/4/2018;591,79
24/4/2018;594,43
23/4/2018;597,5
20/4/2018;581,98
19/4/2018;579,38
18/4/2018;578,71
17/4/2018;576,88
16/4/2018;578,17
13/4/2018;578,5
12/4/2018;578,69
11/4/2018;580,52
10/4/2018;578,28
9/4/2018;578,69
6/4/2018;579,55
5/4/2018;579,55
4/4/2018;579,55
3/4/2018;578,75
2/4/2018;577,7
30/3/2018;575,5
29/3/2018;573,25
28/3/2018;571,21
27/3/2018;574,04
26/3/2018;571,56
23/3/2018;585,86
22/3/2018;594,82
21/3/2018;590,29
20/3/2018;590,83
19/3/2018;591,94
16/3/2018;595,57
15/3/2018;591,67
14/3/2018;591,19
13/3/2018;591,03
12/3/2018;592,78
9/3/2018;608,13
8/3/2018;611,04
7/3/2018;612
6/3/2018;620,81
5/3/2018;612,58
2/3/2018;610,75
1/3/2018;610,02
28/2/2018;601,3
27/2/2018;600,15
26/2/2018;598,66
23/2/2018;593,94
22/2/2018;592,83
21/2/2018;591,5
20/2/2018;591,5
19/2/2018;591,5
16/2/2018;591,5
15/2/2018;591,5
14/2/2018;591,5
13/2/2018;591,5
12/2/2018;591,5
9/2/2018;591,5
8/2/2018;590,6
7/2/2018;589,75
6/2/2018;584,71
5/2/2018;583,04
2/2/2018;580,58
1/2/2018;579,08
31/1/2018;577,1
30/1/2018;577,75
29/1/2018;578,67
26/1/2018;577
25/1/2018;577,75
24/1/2018;577
23/1/2018;578,21
22/1/2018;572,58
19/1/2018;568,59
18/1/2018;565,8
17/1/2018;568,31
16/1/2018;570,87
15/1/2018;570,04
12/1/2018;569,67
11/1/2018;570,75
10/1/2018;575,75
9/1/2018;574,8
8/1/2018;566,33
5/1/2018;570,13
4/1/2018;572,83
3/1/2018;573,93
2/1/2018;576,3
1/1/2018;571,88
29/12/2017;571,88
28/12/2017;576,88
27/12/2017;579,75
26/12/2017;577,29
25/12/2017;574,69
22/12/2017;578,17
21/12/2017;575,83
20/12/2017;577,2
19/12/2017;578,78
18/12/2017;579,31
15/12/2017;574,58
14/12/2017;579,3
13/12/2017;577,17
12/12/2017;575,63
11/12/2017;577,5
8/12/2017;572,23
7/12/2017;565,42
6/12/2017;572,5
5/12/2017;569,11
4/12/2017;560
1/12/2017;561,25
30/11/2017;560,63
29/11/2017;553,81
28/11/2017;556,72
27/11/2017;557
24/11/2017;551,25
23/11/2017;550,75
22/11/2017;550,42
21/11/2017;552,5
20/11/2017;549,25
17/11/2017;544,68
16/11/2017;551
15/11/2017;546,54
14/11/2017;546,88
13/11/2017;545,09
10/11/2017;544,58
9/11/2017;545,62
8/11/2017;545
7/11/2017;548,9
6/11/2017;544,44
3/11/2017;544,62
2/11/2017;545,26
1/11/2017;544,24
31/10/2017;545,14
30/10/2017;539,38
27/10/2017;551,83
26/10/2017;555,68
25/10/2017;561,47
24/10/2017;564,72
23/10/2017;560,28
20/10/2017;565,83
19/10/2017;567,77
18/10/2017;567,77
17/10/2017;561,65
16/10/2017;560,7
13/10/2017;555
12/10/2017;555
11/10/2017;555
10/10/2017;555
9/10/2017;572,5
6/10/2017;572,5
5/10/2017;572,5
4/10/2017;572,5
3/10/2017;572,5
2/10/2017;572,5
29/9/2017;572,5
28/9/2017;572,5
27/9/2017;572,5
26/9/2017;572,5
25/9/2017;590
22/9/2017;590
21/9/2017;590
20/9/2017;590
19/9/2017;590
18/9/2017;587,5
15/9/2017;587,5
14/9/2017;587,5
13/9/2017;587,5
12/9/2017;587,5
11/9/2017;562,5
8/9/2017;562,5
7/9/2017;562,5
6/9/2017;562,5
5/9/2017;562,5
4/9/2017;555
1/9/2017;555
31/8/2017;555
30/8/2017;555
29/8/2017;555
28/8/2017;555
25/8/2017;555
24/8/2017;555
23/8/2017;555
22/8/2017;555
21/8/2017;548
18/8/2017;548
17/8/2017;548
16/8/2017;548
15/8/2017;548
14/8/2017;530
11/8/2017;530
10/8/2017;530
9/8/2017;530
8/8/2017;530
7/8/2017;510
4/8/2017;510
3/8/2017;510
2/8/2017;510
1/8/2017;510
31/7/2017;500
28/7/2017;500
27/7/2017;500
26/7/2017;500
25/7/2017;500
24/7/2017;491,5
21/7/2017;491,5
20/7/2017;491,5
19/7/2017;491,5
18/7/2017;491,5
17/7/2017;480
14/7/2017;480
13/7/2017;480
12/7/2017;480
11/7/2017;480
10/7/2017;470
7/7/2017;470
6/7/2017;470
5/7/2017;470
4/7/2017;470
3/7/2017;455
30/6/2017;455
29/6/2017;455
28/6/2017;455
27/6/2017;455
26/6/2017;447,5
23/6/2017;447,5
22/6/2017;447,5
21/6/2017;447,5
20/6/2017;447,5
19/6/2017;437,5
16/6/2017;437,5
15/6/2017;437,5
14/6/2017;437,5
13/6/2017;437,5
12/6/2017;432,5
9/6/2017;432,5
8/6/2017;432,5
7/6/2017;432,5
6/6/2017;432,5
5/6/2017;445
2/6/2017;445
1/6/2017;445
31/5/2017;445
30/5/2017;445
29/5/2017;445
26/5/2017;445
25/5/2017;445
24/5/2017;445
23/5/2017;445
22/5/2017;425
19/5/2017;425
18/5/2017;425
17/5/2017;425
16/5/2017;425
15/5/2017;420
12/5/2017;420
11/5/2017;420
10/5/2017;420
9/5/2017;420
8/5/2017;430
5/5/2017;430
4/5/2017;430
3/5/2017;430
2/5/2017;430
1/5/2017;422,5
28/4/2017;422,5
27/4/2017;422,5
26/4/2017;422,5
25/4/2017;422,5
24/4/2017;417,5
21/4/2017;417,5
20/4/2017;417,5
19/4/2017;417,5
18/4/2017;417,5
17/4/2017;442,5
14/4/2017;442,5
13/4/2017;442,5
12/4/2017;442,5
11/4/2017;442,5
10/4/2017;475
7/4/2017;475
6/4/2017;475
5/4/2017;475
4/4/2017;475
3/4/2017;475
31/3/2017;475
30/3/2017;475
29/3/2017;475
28/3/2017;475
27/3/2017;492,5
24/3/2017;492,5
23/3/2017;492,5
22/3/2017;492,5
21/3/2017;492,5
20/3/2017;497,5
17/3/2017;497,5
16/3/2017;497,5
15/3/2017;497,5
14/3/2017;497,5
13/3/2017;502,5
10/3/2017;502,5
9/3/2017;512,5
8/3/2017;512,5
7/3/2017;512,5
6/3/2017;512,5
3/3/2017;512,5
2/3/2017;515
1/3/2017;515
28/2/2017;515
27/2/2017;515
24/2/2017;515
23/2/2017;502,5
22/2/2017;502,5
21/2/2017;502,5
20/2/2017;502,5
17/2/2017;502,5
16/2/2017;497,5
15/2/2017;497,5
14/2/2017;497,5
13/2/2017;497,5
10/2/2017;497,5
9/2/2017;500
8/2/2017;500
7/2/2017;500
6/2/2017;500
3/2/2017;500
2/2/2017;500
1/2/2017;500
31/1/2017;500
30/1/2017;500
27/1/2017;500
26/1/2017;495
25/1/2017;495
24/1/2017;495
23/1/2017;495
20/1/2017;495
19/1/2017;495
18/1/2017;495
17/1/2017;495
16/1/2017;495
13/1/2017;495
12/1/2017;485
11/1/2017;485
10/1/2017;485
9/1/2017;485
6/1/2017;485
5/1/2017;490
4/1/2017;490
3/1/2017;490
2/1/2017;490
30/12/2016;490
29/12/2016;515
28/12/2016;515
27/12/2016;515
26/12/2016;515
23/12/2016;515
22/12/2016;517,5
21/12/2016;517,5
20/12/2016;517,5
19/12/2016;517,5
16/12/2016;517,5
15/12/2016;500
14/12/2016;500
13/12/2016;500
12/12/2016;500
9/12/2016;500
8/12/2016;490
7/12/2016;490
6/12/2016;490
5/12/2016;490
2/12/2016;490
1/12/2016;475
30/11/2016;475
29/11/2016;475
28/11/2016;475
25/11/2016;475
24/11/2016;467,5
23/11/2016;467,5
22/11/2016;467,5
21/11/2016;467,5
18/11/2016;467,5
17/11/2016;475
16/11/2016;475
15/11/2016;475
14/11/2016;475
11/11/2016;475
10/11/2016;442,5
9/11/2016;442,5
8/11/2016;442,5
7/11/2016;442,5
4/11/2016;442,5
3/11/2016;415
2/11/2016;415
1/11/2016;415
31/10/2016;415
28/10/2016;415
27/10/2016;396,5
26/10/2016;396,5
25/10/2016;396,5
24/10/2016;396,5
21/10/2016;396,5
20/10/2016;385,5
19/10/2016;385,5
18/10/2016;385,5
17/10/2016;385,5
14/10/2016;385,5
13/10/2016;377,5
12/10/2016;377,5
11/10/2016;377,5
10/10/2016;377,5
7/10/2016;377,5
6/10/2016;377,5
5/10/2016;377,5
4/10/2016;377,5
3/10/2016;377,5
30/9/2016;377,5
29/9/2016;377,5
28/9/2016;377,5
27/9/2016;377,5
26/9/2016;377,5
23/9/2016;377,5
22/9/2016;387,5
21/9/2016;387,5
20/9/2016;387,5
19/9/2016;387,5
16/9/2016;387,5
15/9/2016;392,5
14/9/2016;392,5
13/9/2016;392,5
12/9/2016;392,5
9/9/2016;392,5
8/9/2016;392,5
7/9/2016;392,5
6/9/2016;392,5
5/9/2016;392,5
2/9/2016;392,5
1/9/2016;395
31/8/2016;395
30/8/2016;395
29/8/2016;395
26/8/2016;395
25/8/2016;390
24/8/2016;390
23/8/2016;390
22/8/2016;390
19/8/2016;390
18/8/2016;385
17/8/2016;385
16/8/2016;385
15/8/2016;385
12/8/2016;385
11/8/2016;367,5
10/8/2016;367,5
9/8/2016;367,5
8/8/2016;367,5
5/8/2016;367,5
4/8/2016;367,5
3/8/2016;367,5
2/8/2016;367,5
1/8/2016;367,5
29/7/2016;367,5
28/7/2016;367,5
27/7/2016;367,5
26/7/2016;367,5
25/7/2016;367,5
22/7/2016;367,5
21/7/2016;367,5
20/7/2016;367,5
19/7/2016;367,5
18/7/2016;367,5
15/7/2016;367,5
14/7/2016;352,5
13/7/2016;352,5
12/7/2016;352,5
11/7/2016;352,5
8/7/2016;352,5
7/7/2016;342,5
6/7/2016;342,5
5/7/2016;342,5
4/7/2016;342,5
1/7/2016;342,5
30/6/2016;327,5
29/6/2016;327,5
28/6/2016;327,5
27/6/2016;327,5
24/6/2016;327,5
23/6/2016;332,5
22/6/2016;332,5
21/6/2016;332,5
20/6/2016;332,5
17/6/2016;332,5
16/6/2016;335
15/6/2016;335
14/6/2016;335
13/6/2016;335
10/6/2016;335
9/6/2016;337,5
8/6/2016;337,5
7/6/2016;337,5
6/6/2016;337,5
3/6/2016;337,5
2/6/2016;347,5
1/6/2016;347,5
31/5/2016;347,5
30/5/2016;347,5
27/5/2016;347,5
26/5/2016;367,5
25/5/2016;367,5
24/5/2016;367,5
23/5/2016;367,5
20/5/2016;367,5
19/5/2016;387,5
18/5/2016;387,5
17/5/2016;387,5
16/5/2016;387,5
13/5/2016;387,5
12/5/2016;412,5
11/5/2016;412,5
10/5/2016;412,5
9/5/2016;412,5
6/5/2016;412,5
5/5/2016;437,5
4/5/2016;437,5
3/5/2016;437,5
2/5/2016;437,5
29/4/2016;437,5
28/4/2016;472,5
27/4/2016;472,5
26/4/2016;472,5
25/4/2016;472,5
22/4/2016;472,5
21/4/2016;422,5
20/4/2016;422,5
19/4/2016;422,5
18/4/2016;422,5
15/4/2016;422,5
14/4/2016;377,5
13/4/2016;377,5
12/4/2016;377,5
11/4/2016;377,5
8/4/2016;377,5
7/4/2016;372,5
6/4/2016;372,5
5/4/2016;372,5
4/4/2016;372,5
1/4/2016;372,5
31/3/2016;357,5
30/3/2016;357,5
29/3/2016;357,5
28/3/2016;357,5
25/3/2016;357,5
24/3/2016;347,5
23/3/2016;347,5
22/3/2016;347,5
21/3/2016;347,5
18/3/2016;347,5
17/3/2016;307,5
16/3/2016;307,5
15/3/2016;307,5
14/3/2016;307,5
11/3/2016;307,5
10/3/2016;307,5
9/3/2016;307,5
8/3/2016;307,5
7/3/2016;307,5
4/3/2016;307,5
3/3/2016;292,5
2/3/2016;292,5
1/3/2016;292,5
29/2/2016;292,5
26/2/2016;292,5
25/2/2016;277,5
24/2/2016;277,5
23/2/2016;277,5
22/2/2016;277,5
19/2/2016;277,5
18/2/2016;272,5
17/2/2016;272,5
16/2/2016;272,5
15/2/2016;272,5
12/2/2016;272,5
11/2/2016;272,5
10/2/2016;272,5
9/2/2016;272,5
8/2/2016;272,5
5/2/2016;272,5
4/2/2016;272,5
3/2/2016;272,5
2/2/2016;272,5
1/2/2016;272,5
29/1/2016;272,5
28/1/2016;272,5
27/1/2016;272,5
26/1/2016;272,5
25/1/2016;272,5
22/1/2016;272,5
21/1/2016;272,5
20/1/2016;272,5
19/1/2016;272,5
18/1/2016;272,5
15/1/2016;272,5
14/1/2016;272,5
13/1/2016;272,5
12/1/2016;272,5
11/1/2016;272,5
8/1/2016;272,5
7/1/2016;267,5
6/1/2016;267,5
5/1/2016;267,5
4/1/2016;267,5
1/1/2016;267,5
31/12/2015;267,5
30/12/2015;262,5
29/12/2015;262,5
28/12/2015;262,5
25/12/2015;262,5
24/12/2015;257,5
23/12/2015;257,5
22/12/2015;257,5
21/12/2015;257,5
18/12/2015;257,5
17/12/2015;257,5
16/12/2015;257,5
15/12/2015;257,5
14/12/2015;257,5
11/12/2015;257,5
10/12/2015;257,5
9/12/2015;257,5
8/12/2015;257,5
7/12/2015;257,5
4/12/2015;257,5
3/12/2015;262,5
2/12/2015;262,5
1/12/2015;262,5
30/11/2015;262,5
27/11/2015;262,5
26/11/2015;262,5
25/11/2015;262,5
24/11/2015;262,5
23/11/2015;262,5
20/11/2015;262,5
19/11/2015;262,5
18/11/2015;262,5
17/11/2015;262,5
16/11/2015;262,5
13/11/2015;262,5
12/11/2015;262,5
11/11/2015;262,5
10/11/2015;262,5
9/11/2015;262,5
6/11/2015;262,5
5/11/2015;265
4/11/2015;265
3/11/2015;265
2/11/2015;265
30/10/2015;265
29/10/2015;267,5
28/10/2015;267,5
27/10/2015;267,5
26/10/2015;267,5
23/10/2015;267,5
22/10/2015;270
21/10/2015;270
20/10/2015;270
19/10/2015;270
16/10/2015;270
15/10/2015;272,5
14/10/2015;272,5
13/10/2015;272,5
12/10/2015;272,5
9/10/2015;272,5
8/10/2015;272,5
7/10/2015;272,5
6/10/2015;272,5
5/10/2015;272,5
2/10/2015;272,5
1/10/2015;275
30/9/2015;275
29/9/2015;275
28/9/2015;275
25/9/2015;275
24/9/2015;280
23/9/2015;280
22/9/2015;280
21/9/2015;280
18/9/2015;280
17/9/2015;287,5
16/9/2015;287,5
15/9/2015;287,5
14/9/2015;287,5
11/9/2015;287,5
10/9/2015;297,5
9/9/2015;297,5
8/9/2015;297,5
7/9/2015;297,5
4/9/2015;297,5
3/9/2015;297,5
2/9/2015;297,5
1/9/2015;297,5
31/8/2015;297,5
28/8/2015;297,5
27/8/2015;302,5
26/8/2015;302,5
25/8/2015;302,5
24/8/2015;302,5
21/8/2015;302,5
20/8/2015;307,5
19/8/2015;307,5
18/8/2015;307,5
17/8/2015;307,5
14/8/2015;307,5
13/8/2015;312,5
12/8/2015;312,5
11/8/2015;312,5
10/8/2015;312,5
7/8/2015;312,5
6/8/2015;307,5
5/8/2015;307,5
4/8/2015;307,5
3/8/2015;307,5
31/7/2015;307,5
30/7/2015;307,5
29/7/2015;307,5
28/7/2015;307,5
27/7/2015;307,5
24/7/2015;307,5
23/7/2015;312,5
22/7/2015;312,5
21/7/2015;312,5
20/7/2015;312,5
17/7/2015;312,5
16/7/2015;315
15/7/2015;315
14/7/2015;315
13/7/2015;315
10/7/2015;315
9/7/2015;335
8/7/2015;335
7/7/2015;335
6/7/2015;335
3/7/2015;335
2/7/2015;342,5
1/7/2015;342,5
30/6/2015;342,5
29/6/2015;342,5
26/6/2015;342,5
25/6/2015;342,5
24/6/2015;342,5
23/6/2015;342,5
22/6/2015;342,5
19/6/2015;342,5
18/6/2015;347,5
17/6/2015;347,5
16/6/2015;347,5
15/6/2015;347,5
12/6/2015;347,5
11/6/2015;352,5
10/6/2015;352,5
9/6/2015;352,5
8/6/2015;352,5
5/6/2015;352,5
4/6/2015;357,5
3/6/2015;357,5
2/6/2015;357,5
1/6/2015;357,5
29/5/2015;357,5
28/5/2015;357,5
27/5/2015;357,5
26/5/2015;357,5
25/5/2015;357,5
22/5/2015;357,5
21/5/2015;362,5
20/5/2015;362,5
19/5/2015;362,5
18/5/2015;362,5
15/5/2015;362,5
14/5/2015;362,5
13/5/2015;362,5
12/5/2015;362,5
11/5/2015;362,5
8/5/2015;362,5
7/5/2015;362,5
6/5/2015;362,5
5/5/2015;362,5
4/5/2015;362,5
1/5/2015;362,5
30/4/2015;362,5
29/4/2015;362,5
28/4/2015;362,5
27/4/2015;362,5
24/4/2015;362,5
23/4/2015;362,5
22/4/2015;362,5
21/4/2015;362,5
20/4/2015;362,5
17/4/2015;362,5
16/4/2015;367,5
15/4/2015;367,5
14/4/2015;367,5
13/4/2015;367,5
10/4/2015;367,5
9/4/2015;375
8/4/2015;375
7/4/2015;375
6/4/2015;375
3/4/2015;375
2/4/2015;375
1/4/2015;375
31/3/2015;375
30/3/2015;375
27/3/2015;375
26/3/2015;367,5
25/3/2015;367,5
24/3/2015;367,5
23/3/2015;367,5
20/3/2015;367,5
19/3/2015;372,5
18/3/2015;372,5
17/3/2015;372,5
16/3/2015;372,5
13/3/2015;372,5
12/3/2015;375
11/3/2015;375
10/3/2015;375
9/3/2015;375
6/3/2015;375
5/3/2015;375
4/3/2015;375
3/3/2015;375
2/3/2015;375
28/2/2015;375
27/2/2015;375
26/2/2015;375
25/2/2015;375
24/2/2015;375
23/2/2015;375
20/2/2015;375
19/2/2015;375
18/2/2015;375
17/2/2015;375
16/2/2015;375
13/2/2015;375
12/2/2015;382,5
11/2/2015;382,5
10/2/2015;382,5
9/2/2015;382,5
6/2/2015;382,5
5/2/2015;395
4/2/2015;395
3/2/2015;395
2/2/2015;395
30/1/2015;395
29/1/2015;412,5
28/1/2015;412,5
27/1/2015;412,5
26/1/2015;412,5
23/1/2015;412,5
22/1/2015;432,5
21/1/2015;432,5
20/1/2015;432,5
19/1/2015;432,5
16/1/2015;432,5
15/1/2015;445
14/1/2015;445
13/1/2015;445
12/1/2015;445
9/1/2015;445
8/1/2015;457,5
7/1/2015;457,5
6/1/2015;457,5
5/1/2015;457,5
2/1/2015;457,5
1/1/2015;457,5
31/12/2014;457,5
30/12/2014;457,5
29/12/2014;457,5
26/12/2014;457,5
25/12/2014;457,5
24/12/2014;457,5
23/12/2014;457,5
22/12/2014;457,5
19/12/2014;457,5
18/12/2014;457,5
17/12/2014;457,5
16/12/2014;457,5
15/12/2014;457,5
12/12/2014;457,5
11/12/2014;460
10/12/2014;460
9/12/2014;460
8/12/2014;460
5/12/2014;460
4/12/2014;462,5
3/12/2014;462,5
2/12/2014;462,5
1/12/2014;462,5
28/11/2014;462,5
27/11/2014;465
26/11/2014;465
25/11/2014;465
24/11/2014;465
21/11/2014;465
20/11/2014;470
19/11/2014;470
18/11/2014;470
17/11/2014;470
14/11/2014;470
13/11/2014;475
12/11/2014;475
11/11/2014;475
10/11/2014;475
7/11/2014;475
6/11/2014;475
5/11/2014;475
4/11/2014;475
3/11/2014;475
31/10/2014;475
30/10/2014;477,5
29/10/2014;477,5
28/10/2014;477,5
27/10/2014;477,5
24/10/2014;477,5
23/10/2014;477,5
22/10/2014;477,5
21/10/2014;477,5
20/10/2014;477,5
17/10/2014;477,5
16/10/2014;482,5
15/10/2014;482,5
14/10/2014;482,5
13/10/2014;482,5
10/10/2014;482,5
9/10/2014;482,5
8/10/2014;482,5
7/10/2014;482,5
6/10/2014;482,5
3/10/2014;482,5
2/10/2014;482,5
1/10/2014;482,5
30/9/2014;482,5
29/9/2014;482,5
26/9/2014;482,5
25/9/2014;487,5
24/9/2014;487,5
23/9/2014;487,5
22/9/2014;487,5
19/9/2014;487,5
18/9/2014;497,5
17/9/2014;497,5
16/9/2014;497,5
15/9/2014;497,5
12/9/2014;497,5
11/9/2014;502,5
10/9/2014;502,5
9/9/2014;502,5
8/9/2014;502,5
5/9/2014;502,5
4/9/2014;502,5
3/9/2014;502,5
2/9/2014;502,5
1/9/2014;502,5
29/8/2014;502,5
28/8/2014;502,5
27/8/2014;502,5
26/8/2014;502,5
25/8/2014;502,5
22/8/2014;502,5
21/8/2014;507,5
20/8/2014;507,5
19/8/2014;507,5
18/8/2014;507,5
15/8/2014;507,5
14/8/2014;507,5
13/8/2014;507,5
12/8/2014;507,5
11/8/2014;507,5
8/8/2014;507,5
7/8/2014;507,5
6/8/2014;507,5
5/8/2014;507,5
4/8/2014;507,5
1/8/2014;507,5
31/7/2014;507,5
30/7/2014;507,5
29/7/2014;507,5
28/7/2014;507,5
25/7/2014;507,5
24/7/2014;507,5
23/7/2014;507,5
22/7/2014;507,5
21/7/2014;507,5
18/7/2014;507,5
17/7/2014;505
16/7/2014;505
15/7/2014;505
14/7/2014;505
11/7/2014;505
10/7/2014;502,5
9/7/2014;502,5
8/7/2014;502,5
7/7/2014;502,5
4/7/2014;502,5
3/7/2014;502,5
2/7/2014;502,5
1/7/2014;502,5
30/6/2014;502,5
27/6/2014;502,5
26/6/2014;502,5
25/6/2014;502,5
24/6/2014;502,5
23/6/2014;502,5
20/6/2014;502,5
19/6/2014;507,5
18/6/2014;507,5
17/6/2014;507,5
16/6/2014;507,5
13/6/2014;507,5
12/6/2014;507,5
11/6/2014;507,5
10/6/2014;507,5
9/6/2014;507,5
6/6/2014;507,5
5/6/2014;507,5
4/6/2014;507,5
3/6/2014;507,5
2/6/2014;507,5
30/5/2014;507,5
29/5/2014;507,5
28/5/2014;507,5
27/5/2014;507,5
26/5/2014;507,5
23/5/2014;507,5
22/5/2014;512,5
21/5/2014;512,5
20/5/2014;512,5
19/5/2014;512,5
16/5/2014;512,5
15/5/2014;512,5
14/5/2014;512,5
13/5/2014;512,5
12/5/2014;512,5
9/5/2014;512,5
8/5/2014;517,5
7/5/2014;517,5
6/5/2014;517,5
5/5/2014;517,5
2/5/2014;517,5
1/5/2014;517,5
30/4/2014;517,5
29/4/2014;517,5
28/4/2014;517,5
25/4/2014;517,5
24/4/2014;522,5
23/4/2014;522,5
22/4/2014;522,5
21/4/2014;522,5
18/4/2014;522,5
17/4/2014;522,5
16/4/2014;522,5
15/4/2014;522,5
14/4/2014;522,5
11/4/2014;522,5
10/4/2014;517,5
9/4/2014;517,5
8/4/2014;517,5
7/4/2014;517,5
4/4/2014;517,5
3/4/2014;517,5
2/4/2014;517,5
1/4/2014;517,5
31/3/2014;517,5
28/3/2014;517,5
27/3/2014;517,5
26/3/2014;517,5
25/3/2014;517,5
24/3/2014;517,5
21/3/2014;517,5
20/3/2014;517,5
19/3/2014;517,5
18/3/2014;517,5
17/3/2014;517,5
14/3/2014;517,5
13/3/2014;522,5
12/3/2014;522,5
11/3/2014;522,5
10/3/2014;522,5
7/3/2014;522,5
6/3/2014;527,5
5/3/2014;527,5
4/3/2014;527,5
3/3/2014;527,5
28/2/2014;527,5
27/2/2014;527,5
26/2/2014;527,5
25/2/2014;527,5
24/2/2014;527,5
21/2/2014;527,5
20/2/2014;527,5
19/2/2014;527,5
18/2/2014;527,5
17/2/2014;527,5
14/2/2014;527,5
13/2/2014;527,5
12/2/2014;527,5
11/2/2014;527,5
10/2/2014;527,5
7/2/2014;527,5
6/2/2014;527,5
5/2/2014;527,5
4/2/2014;527,5
3/2/2014;527,5
31/1/2014;527,5
30/1/2014;527,5
29/1/2014;527,5
28/1/2014;527,5
27/1/2014;527,5
24/1/2014;527,5
23/1/2014;527,5
22/1/2014;527,5
21/1/2014;527,5
20/1/2014;527,5
17/1/2014;527,5
16/1/2014;532,5
15/1/2014;532,5
14/1/2014;532,5
13/1/2014;532,5
10/1/2014;532,5
9/1/2014;530
8/1/2014;530
7/1/2014;530
6/1/2014;530
3/1/2014;530
2/1/2014;530
1/1/2014;530
31/12/2013;530
30/12/2013;530
27/12/2013;530
26/12/2013;522,5
25/12/2013;522,5
24/12/2013;522,5
23/12/2013;522,5
20/12/2013;522,5
19/12/2013;522,5
18/12/2013;522,5
17/12/2013;522,5
16/12/2013;522,5
13/12/2013;522,5
12/12/2013;522,5
11/12/2013;522,5
10/12/2013;522,5
9/12/2013;522,5
6/12/2013;522,5
5/12/2013;522,5
4/12/2013;522,5
3/12/2013;522,5
2/12/2013;522,5
29/11/2013;522,5
28/11/2013;522,5
27/11/2013;522,5
26/11/2013;522,5
25/11/2013;522,5
22/11/2013;522,5
21/11/2013;522,5
20/11/2013;522,5
19/11/2013;522,5
18/11/2013;522,5
15/11/2013;522,5
14/11/2013;517,5
13/11/2013;517,5
12/11/2013;517,5
11/11/2013;517,5
8/11/2013;517,5
7/11/2013;517,5
6/11/2013;517,5
5/11/2013;517,5
4/11/2013;517,5
1/11/2013;517,5
31/10/2013;517,5
30/10/2013;517,5
29/10/2013;517,5
28/10/2013;517,5
25/10/2013;517,5
24/10/2013;522,5
23/10/2013;522,5
22/10/2013;522,5
21/10/2013;522,5
18/10/2013;522,5
17/10/2013;522,5
16/10/2013;522,5
15/10/2013;522,5
14/10/2013;522,5
11/10/2013;522,5
10/10/2013;535
9/10/2013;535
8/10/2013;535
7/10/2013;535
4/10/2013;535
3/10/2013;535
2/10/2013;535
1/10/2013;535
30/9/2013;535
27/9/2013;535
26/9/2013;547,5
25/9/2013;547,5
24/9/2013;547,5
23/9/2013;547,5
20/9/2013;547,5
19/9/2013;547,5
18/9/2013;547,5
17/9/2013;547,5
16/9/2013;547,5
13/9/2013;547,5
12/9/2013;540
11/9/2013;540
10/9/2013;540
9/9/2013;540
6/9/2013;540
5/9/2013;532,5
4/9/2013;532,5
3/9/2013;532,5
2/9/2013;532,5
30/8/2013;532,5
29/8/2013;532,5
28/8/2013;532,5
27/8/2013;532,5
26/8/2013;532,5
23/8/2013;532,5
22/8/2013;532,5
21/8/2013;532,5
20/8/2013;532,5
19/8/2013;532,5
16/8/2013;532,5
15/8/2013;532,5
14/8/2013;532,5
13/8/2013;532,5
12/8/2013;532,5
9/8/2013;532,5
8/8/2013;525
7/8/2013;525
6/8/2013;525
5/8/2013;525
2/8/2013;525
1/8/2013;520
31/7/2013;520
30/7/2013;520
29/7/2013;520
26/7/2013;520
25/7/2013;515
24/7/2013;515
23/7/2013;515
22/7/2013;515
19/7/2013;515
18/7/2013;515
17/7/2013;515
16/7/2013;515
15/7/2013;515
12/7/2013;515
11/7/2013;500
10/7/2013;500
9/7/2013;500
8/7/2013;500
5/7/2013;500
4/7/2013;497,5
3/7/2013;497,5
2/7/2013;497,5
1/7/2013;497,5
28/6/2013;497,5
27/6/2013;500
26/6/2013;500
25/6/2013;500
24/6/2013;500
21/6/2013;500
20/6/2013;500
19/6/2013;500
18/6/2013;500
17/6/2013;500
14/6/2013;500
13/6/2013;510
12/6/2013;510
11/6/2013;510
10/6/2013;510
7/6/2013;510
6/6/2013;515
5/6/2013;515
4/6/2013;515
3/6/2013;515
31/5/2013;515
30/5/2013;515
29/5/2013;515
28/5/2013;515
27/5/2013;515
24/5/2013;515
23/5/2013;517,5
22/5/2013;517,5
21/5/2013;517,5
20/5/2013;517,5
17/5/2013;517,5
16/5/2013;530
15/5/2013;530
14/5/2013;530
13/5/2013;530
10/5/2013;530
9/5/2013;537,5
8/5/2013;537,5
7/5/2013;537,5
6/5/2013;537,5
3/5/2013;537,5
2/5/2013;537,5
1/5/2013;537,5
30/4/2013;537,5
29/4/2013;537,5
26/4/2013;537,5
25/4/2013;552,5
24/4/2013;552,5
23/4/2013;552,5
22/4/2013;552,5
19/4/2013;552,5
18/4/2013;555
17/4/2013;555
16/4/2013;555
15/4/2013;555
12/4/2013;555
11/4/2013;562,5
10/4/2013;562,5
9/4/2013;562,5
8/4/2013;562,5
5/4/2013;562,5
4/4/2013;570
3/4/2013;570
2/4/2013;570
1/4/2013;570
29/3/2013;570
28/3/2013;587,5
27/3/2013;587,5
26/3/2013;587,5
25/3/2013;587,5
22/3/2013;587,5
21/3/2013;600
20/3/2013;600
19/3/2013;600
18/3/2013;600
15/3/2013;600
14/3/2013;605
13/3/2013;605
12/3/2013;605
11/3/2013;605
8/3/2013;605
7/3/2013;605
6/3/2013;605
5/3/2013;605
4/3/2013;605
1/3/2013;605
28/2/2013;615
27/2/2013;615
26/2/2013;615
25/2/2013;615
22/2/2013;615
21/2/2013;612,5
20/2/2013;612,5
19/2/2013;612,5
18/2/2013;612,5
15/2/2013;612,5
14/2/2013;612,5
13/2/2013;612,5
12/2/2013;612,5
11/2/2013;612,5
8/2/2013;612,5
7/2/2013;602,5
6/2/2013;602,5
5/2/2013;602,5
4/2/2013;602,5
1/2/2013;602,5
31/1/2013;590
30/1/2013;590
29/1/2013;590
28/1/2013;590
25/1/2013;590
24/1/2013;595
23/1/2013;595
22/1/2013;595
21/1/2013;595
18/1/2013;595
17/1/2013;587,5
16/1/2013;587,5
15/1/2013;587,5
14/1/2013;587,5
11/1/2013;587,5
10/1/2013;575
9/1/2013;575
8/1/2013;575
7/1/2013;575
4/1/2013;575
3/1/2013;555
2/1/2013;555
1/1/2013;555
31/12/2012;555
28/12/2012;555
27/12/2012;552,5
26/12/2012;552,5
25/12/2012;552,5
24/12/2012;552,5
21/12/2012;552,5
20/12/2012;540
19/12/2012;540
18/12/2012;540
17/12/2012;540
14/12/2012;540
13/12/2012;540
12/12/2012;540
11/12/2012;540
10/12/2012;540
7/12/2012;540
6/12/2012;542,5
5/12/2012;542,5
4/12/2012;542,5
3/12/2012;542,5
30/11/2012;542,5
29/11/2012;545
28/11/2012;545
27/11/2012;545
26/11/2012;545
24/11/2012;545
23/11/2012;545
22/11/2012;545
21/11/2012;545
20/11/2012;545
19/11/2012;545
16/11/2012;545
15/11/2012;535
14/11/2012;535
13/11/2012;535
12/11/2012;535
9/11/2012;535
8/11/2012;532,5
7/11/2012;532,5
6/11/2012;532,5
5/11/2012;532,5
2/11/2012;532,5
1/11/2012;532,5
31/10/2012;532,5
30/10/2012;532,5
29/10/2012;532,5
26/10/2012;532,5
25/10/2012;532,5
24/10/2012;532,5
23/10/2012;532,5
22/10/2012;532,5
19/10/2012;532,5
18/10/2012;532,5
17/10/2012;532,5
16/10/2012;532,5
15/10/2012;532,5
12/10/2012;532,5
11/10/2012;517,5
10/10/2012;517,5
9/10/2012;517,5
8/10/2012;517,5
5/10/2012;517,5
4/10/2012;517,5
3/10/2012;517,5
2/10/2012;517,5
1/10/2012;517,5
28/9/2012;517,5
27/9/2012;515
26/9/2012;515
25/9/2012;515
24/9/2012;515
21/9/2012;515
20/9/2012;505
19/9/2012;505
18/9/2012;505
17/9/2012;505
14/9/2012;505
13/9/2012;505
12/9/2012;505
11/9/2012;505
10/9/2012;505
7/9/2012;505
6/9/2012;515
5/9/2012;515
4/9/2012;515
3/9/2012;515
31/8/2012;515
30/8/2012;520
29/8/2012;520
28/8/2012;520
27/8/2012;520
24/8/2012;520
23/8/2012;530
22/8/2012;530
21/8/2012;530
20/8/2012;530
17/8/2012;530
16/8/2012;545
15/8/2012;545
14/8/2012;545
13/8/2012;545
10/8/2012;545
9/8/2012;557,5
8/8/2012;557,5
7/8/2012;557,5
6/8/2012;557,5
3/8/2012;557,5
2/8/2012;560
1/8/2012;560
31/7/2012;560
30/7/2012;560
27/7/2012;560
26/7/2012;567,5
25/7/2012;567,5
24/7/2012;567,5
23/7/2012;567,5
20/7/2012;567,5
19/7/2012;580
18/7/2012;580
17/7/2012;580
16/7/2012;580
13/7/2012;580
12/7/2012;585
11/7/2012;585
10/7/2012;585
9/7/2012;585
6/7/2012;585
5/7/2012;595
4/7/2012;595
3/7/2012;595
2/7/2012;595
29/6/2012;595
28/6/2012;605
27/6/2012;605
26/6/2012;605
25/6/2012;605
22/6/2012;605
21/6/2012;605
20/6/2012;605
19/6/2012;605
18/6/2012;605
15/6/2012;605
14/6/2012;605
13/6/2012;605
12/6/2012;605
11/6/2012;605
8/6/2012;605
7/6/2012;610
6/6/2012;610
5/6/2012;610
4/6/2012;610
1/6/2012;610
31/5/2012;615
30/5/2012;615
29/5/2012;615
28/5/2012;615
25/5/2012;615
24/5/2012;627,5
23/5/2012;627,5
22/5/2012;627,5
21/5/2012;627,5
18/5/2012;627,5
17/5/2012;632,5
16/5/2012;632,5
15/5/2012;632,5
14/5/2012;632,5
11/5/2012;632,5
10/5/2012;635
9/5/2012;635
8/5/2012;635
7/5/2012;635
4/5/2012;635
3/5/2012;645
2/5/2012;645
1/5/2012;645
30/4/2012;645
27/4/2012;645
26/4/2012;647,5
25/4/2012;647,5
24/4/2012;647,5
23/4/2012;647,5
20/4/2012;647,5
19/4/2012;645
18/4/2012;645
17/4/2012;645
16/4/2012;645
13/4/2012;645
12/4/2012;647,5
11/4/2012;647,5
10/4/2012;647,5
9/4/2012;647,5
6/4/2012;647,5
5/4/2012;647,5
4/4/2012;647,5
3/4/2012;647,5
2/4/2012;647,5
30/3/2012;647,5
29/3/2012;650
28/3/2012;650
27/3/2012;650
26/3/2012;650
23/3/2012;650
22/3/2012;650
21/3/2012;650
20/3/2012;650
19/3/2012;650
16/3/2012;650
15/3/2012;645
14/3/2012;645
13/3/2012;645
12/3/2012;645
9/3/2012;645
8/3/2012;645
7/3/2012;645
6/3/2012;645
5/3/2012;645
2/3/2012;645
1/3/2012;642,5
29/2/2012;642,5
28/2/2012;642,5
27/2/2012;642,5
24/2/2012;642,5
23/2/2012;640
22/2/2012;640
21/2/2012;640
20/2/2012;640
17/2/2012;640
16/2/2012;632,5
15/2/2012;632,5
14/2/2012;632,5
13/2/2012;632,5
10/2/2012;632,5
9/2/2012;630
8/2/2012;630
7/2/2012;630
6/2/2012;630
3/2/2012;630
2/2/2012;625
1/2/2012;625
31/1/2012;625
30/1/2012;625
27/1/2012;625
26/1/2012;625
25/1/2012;625
24/1/2012;625
23/1/2012;625
20/1/2012;625
19/1/2012;612,5
18/1/2012;612,5
17/1/2012;612,5
16/1/2012;612,5
13/1/2012;612,5
12/1/2012;607,5
11/1/2012;607,5
10/1/2012;607,5
9/1/2012;607,5
6/1/2012;607,5
5/1/2012;610
4/1/2012;610
3/1/2012;610
2/1/2012;610
30/12/2011;610
29/12/2011;610
28/12/2011;610
27/12/2011;610
26/12/2011;610
23/12/2011;610
22/12/2011;610
21/12/2011;610
20/12/2011;610
19/12/2011;610
16/12/2011;610
15/12/2011;612,5
14/12/2011;612,5
13/12/2011;612,5
12/12/2011;612,5
9/12/2011;612,5
8/12/2011;607,5
7/12/2011;607,5
6/12/2011;607,5
5/12/2011;607,5
2/12/2011;607,5
1/12/2011;607,5
30/11/2011;607,5
29/11/2011;607,5
28/11/2011;607,5
25/11/2011;607,5
24/11/2011;607,5
23/11/2011;607,5
22/11/2011;607,5
21/11/2011;607,5
18/11/2011;607,5
17/11/2011;602,5
16/11/2011;602,5
15/11/2011;602,5
14/11/2011;602,5
11/11/2011;602,5
10/11/2011;605
9/11/2011;605
8/11/2011;605
7/11/2011;605
4/11/2011;605
3/11/2011;615
2/11/2011;615
1/11/2011;615
31/10/2011;615
28/10/2011;615
27/10/2011;615
26/10/2011;615
25/10/2011;615
24/10/2011;615
21/10/2011;615
20/10/2011;682,5
19/10/2011;682,5
18/10/2011;682,5
17/10/2011;682,5
14/10/2011;682,5
13/10/2011;692,5
12/10/2011;692,5
11/10/2011;692,5
10/10/2011;692,5
7/10/2011;692,5
6/10/2011;692,5
5/10/2011;692,5
4/10/2011;692,5
3/10/2011;692,5
30/9/2011;692,5
29/9/2011;692,5
28/9/2011;692,5
27/9/2011;692,5
26/9/2011;692,5
23/9/2011;692,5
22/9/2011;715
21/9/2011;715
20/9/2011;715
19/9/2011;715
16/9/2011;715
15/9/2011;715
14/9/2011;715
13/9/2011;715
12/9/2011;715
9/9/2011;715
8/9/2011;705
7/9/2011;705
6/9/2011;705
5/9/2011;705
2/9/2011;705
1/9/2011;705
31/8/2011;705
30/8/2011;705
29/8/2011;705
26/8/2011;705
25/8/2011;705
24/8/2011;705
23/8/2011;705
22/8/2011;705
19/8/2011;705
18/8/2011;705
17/8/2011;705
16/8/2011;705
15/8/2011;705
12/8/2011;705
11/8/2011;702,5
10/8/2011;702,5
9/8/2011;702,5
8/8/2011;702,5
5/8/2011;702,5
4/8/2011;695
3/8/2011;695
2/8/2011;695
1/8/2011;695
29/7/2011;695
28/7/2011;692,5
27/7/2011;692,5
26/7/2011;692,5
25/7/2011;692,5
22/7/2011;692,5
21/7/2011;685
20/7/2011;685
19/7/2011;685
18/7/2011;685
15/7/2011;685
14/7/2011;685
13/7/2011;685
12/7/2011;685
11/7/2011;685
8/7/2011;685
7/7/2011;685
6/7/2011;685
5/7/2011;685
4/7/2011;685
1/7/2011;685
30/6/2011;685
29/6/2011;685
28/6/2011;685
27/6/2011;685
24/6/2011;685
23/6/2011;685
22/6/2011;685
21/6/2011;685
20/6/2011;685
17/6/2011;685
16/6/2011;700
15/6/2011;700
14/6/2011;700
13/6/2011;700
10/6/2011;700
9/6/2011;700
8/6/2011;700
7/6/2011;700
6/6/2011;700
3/6/2011;700
2/6/2011;712,5
1/6/2011;712,5
31/5/2011;712,5
30/5/2011;712,5
27/5/2011;712,5
26/5/2011;712,5
25/5/2011;712,5
24/5/2011;712,5
23/5/2011;712,5
20/5/2011;712,5
19/5/2011;695
18/5/2011;695
17/5/2011;695
16/5/2011;695
13/5/2011;695
12/5/2011;690
11/5/2011;690
10/5/2011;690
9/5/2011;690
6/5/2011;690
5/5/2011;692,5
4/5/2011;692,5
3/5/2011;692,5
2/5/2011;692,5
29/4/2011;692,5
28/4/2011;692,5
27/4/2011;720
26/4/2011;720
25/4/2011;720
22/4/2011;720
21/4/2011;720
20/4/2011;715
19/4/2011;715
18/4/2011;715
15/4/2011;715
14/4/2011;710
13/4/2011;710
12/4/2011;710
11/4/2011;710
8/4/2011;710
7/4/2011;725
6/4/2011;725
5/4/2011;725
4/4/2011;725
1/4/2011;725
31/3/2011;717,5
30/3/2011;717,5
29/3/2011;717,5
28/3/2011;717,5
25/3/2011;717,5
24/3/2011;715
23/3/2011;715
22/3/2011;715
21/3/2011;715
18/3/2011;715
17/3/2011;685
16/3/2011;685
15/3/2011;685
14/3/2011;685
11/3/2011;685
10/3/2011;735
9/3/2011;735
8/3/2011;735
7/3/2011;735
4/3/2011;735
3/3/2011;765
2/3/2011;765
1/3/2011;765
28/2/2011;765
25/2/2011;765
24/2/2011;770
23/2/2011;770
22/2/2011;770
21/2/2011;770
18/2/2011;770
17/2/2011;765
16/2/2011;765
15/2/2011;765
14/2/2011;765
11/2/2011;765
10/2/2011;705
9/2/2011;705
8/2/2011;705
7/2/2011;705
4/2/2011;705
3/2/2011;705
2/2/2011;705
1/2/2011;705
31/1/2011;705
28/1/2011;705
27/1/2011;695
26/1/2011;695
25/1/2011;695
24/1/2011;695
21/1/2011;695
20/1/2011;675
19/1/2011;675
18/1/2011;675
17/1/2011;675
14/1/2011;675
13/1/2011;665
12/1/2011;665
11/1/2011;665
10/1/2011;665
7/1/2011;665
6/1/2011;625
5/1/2011;625
4/1/2011;625
3/1/2011;625
31/12/2010;625
30/12/2010;625
29/12/2010;625
28/12/2010;625
27/12/2010;625
24/12/2010;625
23/12/2010;625
22/12/2010;625
21/12/2010;625
20/12/2010;625
17/12/2010;625
16/12/2010;625
15/12/2010;625
14/12/2010;625
13/12/2010;625
10/12/2010;625
9/12/2010;615
8/12/2010;615
7/12/2010;615
6/12/2010;615
3/12/2010;615
2/12/2010;615
1/12/2010;615
30/11/2010;615
29/11/2010;615
27/11/2010;615
26/11/2010;615
25/11/2010;612,5
24/11/2010;612,5
23/11/2010;612,5
22/11/2010;612,5
19/11/2010;612,5
18/11/2010;620
17/11/2010;620
16/11/2010;620
15/11/2010;620
12/11/2010;620
11/11/2010;615
10/11/2010;615
9/11/2010;615
8/11/2010;615
5/11/2010;615
4/11/2010;600
3/11/2010;600
2/11/2010;600
1/11/2010;600
29/10/2010;600
28/10/2010;600
27/10/2010;600
26/10/2010;600
25/10/2010;600
22/10/2010;600
21/10/2010;590
20/10/2010;590
19/10/2010;590
18/10/2010;590
15/10/2010;590
14/10/2010;597,5
13/10/2010;597,5
12/10/2010;597,5
11/10/2010;597,5
8/10/2010;597,5
7/10/2010;590
6/10/2010;590
5/10/2010;590
4/10/2010;590
1/10/2010;590
30/9/2010;635
29/9/2010;635
28/9/2010;635
27/9/2010;635
24/9/2010;635
23/9/2010;635
22/9/2010;635
21/9/2010;635
20/9/2010;635
17/9/2010;635
16/9/2010;625
15/9/2010;625
14/9/2010;625
13/9/2010;625
10/9/2010;625
9/9/2010;615
8/9/2010;615
7/9/2010;615
6/9/2010;615
3/9/2010;615
2/9/2010;622,5
1/9/2010;622,5
31/8/2010;622,5
30/8/2010;622,5
27/8/2010;622,5
26/8/2010;635
25/8/2010;635
24/8/2010;635
23/8/2010;635
20/8/2010;635
19/8/2010;645
18/8/2010;645
17/8/2010;645
16/8/2010;645
13/8/2010;645
12/8/2010;627,5
11/8/2010;627,5
10/8/2010;627,5
9/8/2010;627,5
6/8/2010;627,5
5/8/2010;625
4/8/2010;625
3/8/2010;625
2/8/2010;625
30/7/2010;625
29/7/2010;612,5
28/7/2010;612,5
27/7/2010;612,5
26/7/2010;612,5
23/7/2010;612,5
22/7/2010;595
21/7/2010;595
20/7/2010;595
19/7/2010;595
16/7/2010;595
15/7/2010;602,5
14/7/2010;602,5
13/7/2010;602,5
12/7/2010;602,5
9/7/2010;602,5
8/7/2010;605
7/7/2010;605
6/7/2010;605
5/7/2010;605
2/7/2010;605
1/7/2010;635
30/6/2010;635
29/6/2010;635
28/6/2010;635
25/6/2010;635
24/6/2010;600
23/6/2010;600
22/6/2010;600
21/6/2010;600
18/6/2010;600
17/6/2010;600
16/6/2010;600
15/6/2010;600
14/6/2010;600
11/6/2010;600
10/6/2010;607,5
9/6/2010;607,5
8/6/2010;607,5
7/6/2010;607,5
4/6/2010;607,5
3/6/2010;645
2/6/2010;645
1/6/2010;645
31/5/2010;645
28/5/2010;645
27/5/2010;660
26/5/2010;660
25/5/2010;660
24/5/2010;660
21/5/2010;660
20/5/2010;680
19/5/2010;680
18/5/2010;680
17/5/2010;680
14/5/2010;680
13/5/2010;692,5
12/5/2010;692,5
11/5/2010;692,5
10/5/2010;692,5
7/5/2010;692,5
6/5/2010;705
5/5/2010;705
4/5/2010;705
3/5/2010;705
30/4/2010;705
29/4/2010;705
28/4/2010;705
27/4/2010;705
26/4/2010;705
23/4/2010;705
22/4/2010;695
21/4/2010;695
20/4/2010;695
19/4/2010;695
16/4/2010;695
15/4/2010;682,5
14/4/2010;682,5
13/4/2010;682,5
12/4/2010;682,5
9/4/2010;682,5
8/4/2010;645
7/4/2010;645
6/4/2010;645
5/4/2010;645
2/4/2010;645
1/4/2010;645
31/3/2010;645
30/3/2010;645
29/3/2010;645
26/3/2010;645
25/3/2010;635
24/3/2010;635
23/3/2010;635
22/3/2010;635
19/3/2010;635
18/3/2010;605
17/3/2010;605
16/3/2010;605
15/3/2010;605
12/3/2010;605
11/3/2010;582,5
10/3/2010;582,5
9/3/2010;582,5
8/3/2010;582,5
5/3/2010;582,5
4/3/2010;565
3/3/2010;565
2/3/2010;565
1/3/2010;565
26/2/2010;565
25/2/2010;535
24/2/2010;535
23/2/2010;535
22/2/2010;535
19/2/2010;535
18/2/2010;535
17/2/2010;535
16/2/2010;535
15/2/2010;535
12/2/2010;535
11/2/2010;535
10/2/2010;535
9/2/2010;535
8/2/2010;535
5/2/2010;535
4/2/2010;542,5
3/2/2010;542,5
2/2/2010;542,5
1/2/2010;542,5
29/1/2010;542,5
28/1/2010;550
27/1/2010;550
26/1/2010;550
25/1/2010;550
22/1/2010;550
21/1/2010;555
20/1/2010;555
19/1/2010;555
18/1/2010;555
15/1/2010;555
14/1/2010;552,5
13/1/2010;552,5
12/1/2010;552,5
11/1/2010;552,5
8/1/2010;552,5
7/1/2010;527,5
6/1/2010;527,5
5/1/2010;527,5
4/1/2010;527,5
1/1/2010;527,5
31/12/2009;527,5
30/12/2009;527,5
29/12/2009;527,5
28/12/2009;527,5
25/12/2009;527,5
24/12/2009;527,5
23/12/2009;527,5
22/12/2009;527,5
21/12/2009;527,5
18/12/2009;527,5
17/12/2009;515
16/12/2009;515
15/12/2009;515
14/12/2009;515
11/12/2009;515
10/12/2009;510
9/12/2009;510
8/12/2009;510
7/12/2009;510
4/12/2009;510
3/12/2009;510
2/12/2009;510
1/12/2009;510
30/11/2009;510
27/11/2009;510
26/11/2009;505
25/11/2009;505
24/11/2009;505
23/11/2009;505
20/11/2009;505
19/11/2009;500
18/11/2009;500
17/11/2009;500
16/11/2009;500
13/11/2009;500
12/11/2009;470
11/11/2009;470
10/11/2009;470
9/11/2009;470
6/11/2009;470
5/11/2009;490
4/11/2009;490
3/11/2009;490
2/11/2009;490
30/10/2009;490
29/10/2009;470
28/10/2009;470
27/10/2009;470
26/10/2009;470
23/10/2009;470
22/10/2009;470
21/10/2009;470
20/10/2009;470
19/10/2009;470
16/10/2009;470
15/10/2009;470
14/10/2009;470
13/10/2009;470
12/10/2009;470
9/10/2009;470
8/10/2009;470
7/10/2009;470
6/10/2009;470
5/10/2009;470
2/10/2009;470
1/10/2009;505
30/9/2009;505
29/9/2009;505
28/9/2009;505
25/9/2009;505
24/9/2009;520
23/9/2009;520
22/9/2009;520
21/9/2009;520
18/9/2009;520
17/9/2009;535
16/9/2009;535
15/9/2009;535
14/9/2009;535
11/9/2009;535
10/9/2009;535
9/9/2009;535
8/9/2009;535
7/9/2009;535
4/9/2009;535
3/9/2009;550
2/9/2009;550
1/9/2009;550
31/8/2009;550
28/8/2009;550
27/8/2009;542,5
26/8/2009;542,5
25/8/2009;542,5
24/8/2009;542,5
21/8/2009;542,5
20/8/2009;607,5
19/8/2009;607,5
18/8/2009;607,5
17/8/2009;607,5
14/8/2009;607,5
13/8/2009;600
12/8/2009;600
11/8/2009;600
10/8/2009;600
7/8/2009;600
6/8/2009;565
5/8/2009;565
4/8/2009;565
3/8/2009;565
31/7/2009;565
30/7/2009;565
29/7/2009;565
28/7/2009;565
27/7/2009;565
24/7/2009;565
23/7/2009;520
22/7/2009;520
21/7/2009;520
20/7/2009;520
17/7/2009;520
16/7/2009;515
15/7/2009;515
14/7/2009;515
13/7/2009;515
10/7/2009;515
9/7/2009;510
8/7/2009;510
7/7/2009;510
6/7/2009;510
3/7/2009;510
2/7/2009;510
1/7/2009;510
30/6/2009;510
29/6/2009;510
26/6/2009;510
25/6/2009;475
24/6/2009;475
23/6/2009;475
22/6/2009;475
19/6/2009;475
18/6/2009;475
17/6/2009;475
16/6/2009;475
15/6/2009;475
12/6/2009;475
11/6/2009;500
10/6/2009;500
9/6/2009;500
8/6/2009;500
5/6/2009;500
4/6/2009;500
3/6/2009;500
2/6/2009;500
1/6/2009;500
29/5/2009;500
28/5/2009;500
27/5/2009;500
26/5/2009;500
25/5/2009;500
22/5/2009;500
21/5/2009;515
20/5/2009;515
19/5/2009;515
18/5/2009;515
15/5/2009;515
14/5/2009;455
13/5/2009;455
12/5/2009;455
11/5/2009;455
8/5/2009;455
7/5/2009;445
6/5/2009;445
5/5/2009;445
4/5/2009;445
1/5/2009;445
30/4/2009;445
29/4/2009;445
28/4/2009;445
27/4/2009;445
24/4/2009;445
23/4/2009;445
22/4/2009;445
21/4/2009;445
20/4/2009;445
17/4/2009;445
16/4/2009;490
15/4/2009;490
14/4/2009;490
13/4/2009;490
10/4/2009;490
9/4/2009;490
8/4/2009;490
7/4/2009;490
6/4/2009;490
3/4/2009;490
2/4/2009;490
1/4/2009;490
31/3/2009;490
30/3/2009;490
27/3/2009;490
26/3/2009;505
25/3/2009;505
24/3/2009;505
23/3/2009;505
20/3/2009;505
19/3/2009;505
18/3/2009;505
17/3/2009;505
16/3/2009;505
13/3/2009;505
12/3/2009;495
11/3/2009;495
10/3/2009;495
9/3/2009;495
6/3/2009;495
5/3/2009;505
4/3/2009;505
3/3/2009;505
2/3/2009;505
27/2/2009;505
26/2/2009;505
25/2/2009;505
24/2/2009;505
23/2/2009;505
20/2/2009;505
19/2/2009;575
18/2/2009;575
17/2/2009;575
16/2/2009;575
13/2/2009;575
12/2/2009;585
11/2/2009;585
10/2/2009;585
9/2/2009;585
6/2/2009;585
5/2/2009;580
4/2/2009;580
3/2/2009;580
2/2/2009;580
30/1/2009;580
29/1/2009;580
28/1/2009;580
27/1/2009;580
26/1/2009;580
23/1/2009;580
22/1/2009;580
21/1/2009;580
20/1/2009;580
19/1/2009;580
16/1/2009;580
15/1/2009;580
14/1/2009;580
13/1/2009;580
12/1/2009;580
9/1/2009;580
8/1/2009;525
7/1/2009;525
6/1/2009;525
5/1/2009;525
2/1/2009;525
1/1/2009;525
31/12/2008;525
30/12/2008;525
29/12/2008;525
27/12/2008;525
26/12/2008;525
25/12/2008;525
24/12/2008;525
23/12/2008;525
22/12/2008;525
19/12/2008;525
18/12/2008;510
17/12/2008;510
16/12/2008;510
15/12/2008;510
12/12/2008;510
11/12/2008;490
10/12/2008;490
9/12/2008;490
8/12/2008;490
5/12/2008;490
4/12/2008;515
3/12/2008;515
2/12/2008;515
1/12/2008;515
28/11/2008;515
27/11/2008;465
26/11/2008;465
25/11/2008;465
24/11/2008;465
21/11/2008;465
20/11/2008;525
19/11/2008;525
18/11/2008;525
17/11/2008;525
14/11/2008;525
13/11/2008;575
12/11/2008;575
11/11/2008;575
10/11/2008;575
7/11/2008;575
6/11/2008;595
5/11/2008;595
4/11/2008;595
3/11/2008;595
31/10/2008;595
30/10/2008;605
29/10/2008;605
28/10/2008;605
27/10/2008;605
24/10/2008;605
23/10/2008;605
22/10/2008;605
21/10/2008;605
20/10/2008;605
17/10/2008;605
16/10/2008;725
15/10/2008;725
14/10/2008;725
13/10/2008;725
10/10/2008;725
9/10/2008;825
8/10/2008;825
7/10/2008;825
6/10/2008;825
3/10/2008;825
2/10/2008;825
1/10/2008;825
30/9/2008;825
29/9/2008;825
26/9/2008;825
25/9/2008;825
24/9/2008;825
23/9/2008;825
22/9/2008;825
19/9/2008;825
18/9/2008;825
17/9/2008;825
16/9/2008;825
15/9/2008;825
12/9/2008;825
11/9/2008;875
10/9/2008;875
9/9/2008;875
8/9/2008;875
5/9/2008;875
4/9/2008;925
3/9/2008;925
2/9/2008;925
1/9/2008;925
29/8/2008;925
28/8/2008;925
27/8/2008;925
26/8/2008;925
25/8/2008;925
22/8/2008;925
21/8/2008;975
20/8/2008;975
19/8/2008;975
18/8/2008;975
15/8/2008;975
14/8/2008;1010
13/8/2008;1010
12/8/2008;1010
11/8/2008;1010
8/8/2008;1010
7/8/2008;1020
6/8/2008;1020
5/8/2008;1020
4/8/2008;1020
1/8/2008;1020
31/7/2008;1025
30/7/2008;1025
29/7/2008;1025
28/7/2008;1025
25/7/2008;1025
24/7/2008;1030
23/7/2008;1030
22/7/2008;1030
21/7/2008;1030
18/7/2008;1030
17/7/2008;1030
16/7/2008;1030
15/7/2008;1030
14/7/2008;1030
11/7/2008;1030
10/7/2008;1030
9/7/2008;1030
8/7/2008;1030
7/7/2008;1030
4/7/2008;1030
3/7/2008;1030
2/7/2008;1030
1/7/2008;1030
30/6/2008;1030
27/6/2008;1030
26/6/2008;1030
25/6/2008;1030
24/6/2008;1030
23/6/2008;1030
20/6/2008;1030
19/6/2008;975
18/6/2008;975
17/6/2008;975
16/6/2008;975
13/6/2008;975
12/6/2008;975
11/6/2008;975
10/6/2008;975
9/6/2008;975
6/6/2008;975
5/6/2008;1025
4/6/2008;1025
3/6/2008;1025
2/6/2008;1025
30/5/2008;1025
29/5/2008;1025
28/5/2008;1025
27/5/2008;1025
26/5/2008;1025
23/5/2008;1025
22/5/2008;1025
21/5/2008;1025
20/5/2008;1025
19/5/2008;1025
16/5/2008;1025
15/5/2008;910
14/5/2008;910
13/5/2008;910
12/5/2008;910
9/5/2008;910
8/5/2008;910
7/5/2008;910
6/5/2008;910
5/5/2008;910
2/5/2008;910
1/5/2008;910
30/4/2008;910
29/4/2008;910
28/4/2008;910
25/4/2008;910
24/4/2008;910
23/4/2008;910
22/4/2008;910
21/4/2008;910
18/4/2008;910
17/4/2008;910
16/4/2008;910
15/4/2008;910
14/4/2008;910
11/4/2008;910
10/4/2008;837,5
9/4/2008;837,5
8/4/2008;837,5
7/4/2008;837,5
4/4/2008;837,5
3/4/2008;837,5
2/4/2008;837,5
1/4/2008;837,5
31/3/2008;837,5
28/3/2008;837,5
27/3/2008;837,5
26/3/2008;837,5
25/3/2008;837,5
24/3/2008;837,5
21/3/2008;837,5
20/3/2008;837,5
19/3/2008;837,5
18/3/2008;837,5
17/3/2008;837,5
14/3/2008;837,5
13/3/2008;837,5
12/3/2008;837,5
11/3/2008;837,5
10/3/2008;837,5
7/3/2008;837,5
6/3/2008;805
5/3/2008;805
4/3/2008;805
3/3/2008;805
29/2/2008;805
28/2/2008;692,5
27/2/2008;692,5
26/2/2008;692,5
25/2/2008;692,5
22/2/2008;692,5
21/2/2008;692,5
20/2/2008;692,5
19/2/2008;692,5
18/2/2008;692,5
15/2/2008;692,5
14/2/2008;692,5
13/2/2008;692,5
12/2/2008;692,5
11/2/2008;692,5
8/2/2008;692,5
7/2/2008;692,5
6/2/2008;692,5
5/2/2008;692,5
4/2/2008;692,5
1/2/2008;692,5
31/1/2008;692,5
30/1/2008;692,5
29/1/2008;692,5
28/1/2008;692,5
25/1/2008;692,5
24/1/2008;692,5
23/1/2008;692,5
22/1/2008;692,5
21/1/2008;692,5
18/1/2008;692,5
17/1/2008;675
16/1/2008;675
15/1/2008;675
14/1/2008;675
11/1/2008;675
10/1/2008;675
9/1/2008;675
8/1/2008;675
7/1/2008;675
4/1/2008;675
3/1/2008;650
2/1/2008;650
1/1/2008;650
31/12/2007;650
28/12/2007;650
27/12/2007;650
26/12/2007;650
25/12/2007;650
24/12/2007;650
21/12/2007;650
20/12/2007;650
19/12/2007;650
18/12/2007;650
17/12/2007;650
14/12/2007;650
13/12/2007;605
12/12/2007;605
11/12/2007;605
10/12/2007;605
7/12/2007;605
6/12/2007;605
5/12/2007;605
4/12/2007;605
3/12/2007;605
30/11/2007;605
29/11/2007;585
28/11/2007;585
27/11/2007;585
26/11/2007;585
23/11/2007;585
22/11/2007;575
21/11/2007;575
20/11/2007;575
19/11/2007;575
16/11/2007;575
15/11/2007;575
14/11/2007;575
13/11/2007;575
12/11/2007;575
9/11/2007;575
8/11/2007;575
7/11/2007;575
6/11/2007;575
5/11/2007;575
2/11/2007;575
1/11/2007;575
31/10/2007;575
30/10/2007;575
29/10/2007;575
26/10/2007;575
25/10/2007;575
24/10/2007;575
23/10/2007;575
22/10/2007;575
19/10/2007;575
18/10/2007;555
17/10/2007;555
16/10/2007;555
15/10/2007;555
12/10/2007;555
11/10/2007;556
10/10/2007;556
9/10/2007;556
8/10/2007;556
5/10/2007;556
4/10/2007;556
3/10/2007;556
2/10/2007;556
1/10/2007;556
28/9/2007;556
27/9/2007;556
26/9/2007;556
25/9/2007;556
24/9/2007;556
21/9/2007;556
20/9/2007;556
19/9/2007;556
18/9/2007;556
17/9/2007;556
14/9/2007;556
13/9/2007;556
12/9/2007;556
11/9/2007;556
10/9/2007;556
7/9/2007;556
6/9/2007;552,5
5/9/2007;552,5
4/9/2007;552,5
3/9/2007;552,5
31/8/2007;552,5
30/8/2007;550
29/8/2007;550
28/8/2007;550
27/8/2007;550
24/8/2007;550
23/8/2007;545
22/8/2007;545
21/8/2007;545
20/8/2007;545
17/8/2007;545
16/8/2007;515
15/8/2007;515
14/8/2007;515
13/8/2007;515
10/8/2007;515
9/8/2007;515
8/8/2007;515
7/8/2007;515
6/8/2007;515
3/8/2007;515
2/8/2007;525
1/8/2007;525
31/7/2007;525
30/7/2007;525
27/7/2007;525
26/7/2007;525
25/7/2007;525
24/7/2007;525
23/7/2007;525
20/7/2007;525
19/7/2007;525
18/7/2007;525
17/7/2007;525
16/7/2007;525
13/7/2007;525
12/7/2007;530
11/7/2007;530
10/7/2007;530
9/7/2007;530
6/7/2007;530
5/7/2007;530
4/7/2007;530
3/7/2007;530
2/7/2007;530
29/6/2007;530
28/6/2007;560
27/6/2007;560
26/6/2007;560
25/6/2007;560
22/6/2007;560
21/6/2007;560
20/6/2007;560
19/6/2007;560
18/6/2007;560
15/6/2007;560
14/6/2007;605
13/6/2007;605
12/6/2007;605
11/6/2007;605
8/6/2007;605
7/6/2007;605
6/6/2007;605
5/6/2007;605
4/6/2007;605
1/6/2007;605
31/5/2007;605
30/5/2007;605
29/5/2007;605
28/5/2007;605
25/5/2007;605
24/5/2007;605
23/5/2007;605
22/5/2007;605
21/5/2007;605
18/5/2007;605
17/5/2007;592,5
16/5/2007;592,5
15/5/2007;592,5
14/5/2007;592,5
11/5/2007;592,5
10/5/2007;560
9/5/2007;560
8/5/2007;560
7/5/2007;560
4/5/2007;560
3/5/2007;560
2/5/2007;560
1/5/2007;560
30/4/2007;560
27/4/2007;560
26/4/2007;565
25/4/2007;565
24/4/2007;565
23/4/2007;565
20/4/2007;565
19/4/2007;560
18/4/2007;560
17/4/2007;560
16/4/2007;560
13/4/2007;560
12/4/2007;560
11/4/2007;560
10/4/2007;560
9/4/2007;560
6/4/2007;560
5/4/2007;560
4/4/2007;560
3/4/2007;560
2/4/2007;560
30/3/2007;560
29/3/2007;560
28/3/2007;560
27/3/2007;560
26/3/2007;560
23/3/2007;560
22/3/2007;560
21/3/2007;560
20/3/2007;560
19/3/2007;560
16/3/2007;560
15/3/2007;560
14/3/2007;560
13/3/2007;560
12/3/2007;560
9/3/2007;560
8/3/2007;560
7/3/2007;560
6/3/2007;560
5/3/2007;560
2/3/2007;560
1/3/2007;485
28/2/2007;485
27/2/2007;485
26/2/2007;485
23/2/2007;485
22/2/2007;485
21/2/2007;485
20/2/2007;485
19/2/2007;485
16/2/2007;485
15/2/2007;485
14/2/2007;485
13/2/2007;485
12/2/2007;485
9/2/2007;485
8/2/2007;470
7/2/2007;470
6/2/2007;470
5/2/2007;470
2/2/2007;470
1/2/2007;470
31/1/2007;470
30/1/2007;470
29/1/2007;470
26/1/2007;470
25/1/2007;470
24/1/2007;470
23/1/2007;470
22/1/2007;470
19/1/2007;470
18/1/2007;470
17/1/2007;470
16/1/2007;470
15/1/2007;470
12/1/2007;470
11/1/2007;470
10/1/2007;470
9/1/2007;470
8/1/2007;470
5/1/2007;470
4/1/2007;470
3/1/2007;470
2/1/2007;470
1/1/2007;470
29/12/2006;470
28/12/2006;470
27/12/2006;470
26/12/2006;470
25/12/2006;470
22/12/2006;470
21/12/2006;470
20/12/2006;470
19/12/2006;470
18/12/2006;470
15/12/2006;470
14/12/2006;470
13/12/2006;470
12/12/2006;470
11/12/2006;470
8/12/2006;470
7/12/2006;470
6/12/2006;470
5/12/2006;470
4/12/2006;470
1/12/2006;470
30/11/2006;470
29/11/2006;470
28/11/2006;470
27/11/2006;470
24/11/2006;470
23/11/2006;470
22/11/2006;470
21/11/2006;470
20/11/2006;470
17/11/2006;470
16/11/2006;470
15/11/2006;470
14/11/2006;470
13/11/2006;470
10/11/2006;470
9/11/2006;470
8/11/2006;470
7/11/2006;470
6/11/2006;470
3/11/2006;470
2/11/2006;485
1/11/2006;485
31/10/2006;485
30/10/2006;485
27/10/2006;485
26/10/2006;485
25/10/2006;485
24/10/2006;485
23/10/2006;485
20/10/2006;485
19/10/2006;485
18/10/2006;485
17/10/2006;485
16/10/2006;485
13/10/2006;485
12/10/2006;452,5
11/10/2006;452,5
10/10/2006;452,5
9/10/2006;452,5
6/10/2006;452,5
5/10/2006;452,5
4/10/2006;452,5
3/10/2006;452,5
2/10/2006;452,5
29/9/2006;452,5
28/9/2006;452,5
27/9/2006;452,5
26/9/2006;452,5
25/9/2006;452,5
22/9/2006;452,5
21/9/2006;485
20/9/2006;485
19/9/2006;485
18/9/2006;485
15/9/2006;485
14/9/2006;485
13/9/2006;485
12/9/2006;485
11/9/2006;485
8/9/2006;485
7/9/2006;485
6/9/2006;485
5/9/2006;485
4/9/2006;485
1/9/2006;485
31/8/2006;470
30/8/2006;470
29/8/2006;470
28/8/2006;470
25/8/2006;470
24/8/2006;490
23/8/2006;490
22/8/2006;490
21/8/2006;490
18/8/2006;490
17/8/2006;495
16/8/2006;495
15/8/2006;495
14/8/2006;495
11/8/2006;495
10/8/2006;525
9/8/2006;525
8/8/2006;525
7/8/2006;525
4/8/2006;525
3/8/2006;525
2/8/2006;525
1/8/2006;525
31/7/2006;525
28/7/2006;525
27/7/2006;525
26/7/2006;525
25/7/2006;525
24/7/2006;525
21/7/2006;525
20/7/2006;555
19/7/2006;555
18/7/2006;555
17/7/2006;555
14/7/2006;555
13/7/2006;555
12/7/2006;555
11/7/2006;555
